"Document Title",Authors,"Author Affiliations","Publication Title",Date Added To Xplore,"Publication Year","Volume","Issue","Start Page","End Page","Abstract","ISSN",ISBNs,"DOI",Funding Information,PDF Link,"Author Keywords","IEEE Terms","Mesh_Terms",Article Citation Count,Patent Citation Count,"Reference Count","License",Online Date,Issue Date,"Meeting Date","Publisher",Document Identifier
"Optimal Operation of Electric Vehicle Supply Equipment by Aggregators in Local Energy Community","A. E. Nezhad; T. T. Sabour; R. P. Joshi; M. Sadegh Javadi; P. H. J. Nardelli","Department of Electrical and Computer Engineering, Texas Tech University, Lubbock, TX, USA; Department of Electrical and Computer Engineering, Texas Tech University, Lubbock, TX, USA; Department of Electrical and Computer Engineering, Texas Tech University, Lubbock, TX, USA; Technology and Science (INESC TEC), Institute for Systems and Computer Engineering, Porto, Portugal; Department of Electrical Engineering, School of Energy Systems, LUT University, Lappeenranta, Finland",IEEE Access,"4 Jul 2025","2025","13","","112867","112879","This paper proposes a centralized energy management system for low voltage (LV) distribution networks. The main contribution of this model is to manage the energy serving at the local energy communities in the presence of electric vehicle supply equipment (EVSE). Unlocking the demand response potential by the EVSE at the distribution network with the contribution of the active residential prosumers has been investigated in this study under different operational planning scenarios. The developed model is based on the multi-temporal optimal power flow (MTOPF) concept while the unbalanced nature of LV networks has been addressed using unbalanced power flow equations. The aggregator can effectively manage the optimal charging of electric vehicles (EVs) by home and public chargers available at the distribution network. Simulation results on a modified unbalanced LV network illustrate that the optimal operation of EVSE minimizes the electricity costs of end-users. The simulation results show that the operating costs and systems losses reduce by 9.22% and 43.45%, respectively. These results have been obtained considering the switching actions and 100% PV power generation index using the presented MV-LV coordinated operational model. Besides, the energy storage systems improve the peak-to-average (PAR) ratio by 9.87%.","2169-3536","","10.1109/ACCESS.2025.3582189","EU MSCA Project COALESCE(grant numbers:101130739); Research Council of Finland via X-SDEN(grant numbers:349965); ECO-NEWS(grant numbers:358928); Mohammad Sadegh Javadi acknowledges Fundação para a Ciência e a Tecnologia (FCT)(grant numbers:2021.01052.CEECIND); ","https://ieeexplore.ieee.org/stamp/stamp.jsp?arnumber=11045911","Centralized energy management;unbalanced power flow;coordinated MV-LV networks;electric vehicle supply equipment","Reactive power;Distribution networks;Costs;Load modeling;Propagation losses;Power system stability;Planning;Load flow;Energy storage;Voltage","","1","","46","CCBY","24 Jun 2025","","","IEEE","IEEE Journals"
"Trilevel Optimization Model for Competitive Pricing of Electric Vehicle Charging Station Considering Distribution Locational Marginal Price","S. Chen; S. Feng; Z. Guo; Z. Yang","Department of Mechanical and Energy Engineering, Shenzhen Key Laboratory of Biomimetic Robotics and Intelligent Systems, Guangdong Provincial Key Laboratory of Human-Augmentation and Rehabilitation Robotics in Universities, Southern University of Science and Technology, Shenzhen, China; School of Computer Science and Technology, Harbin Institute of Technology (Shenzhen), Shenzhen, China; Research Center of Cyber Science and Technology, Hangzhou Innovation Institute, Beihang University, Hangzhou, China; Department of Mechanical and Energy Engineering, Shenzhen Key Laboratory of Biomimetic Robotics and Intelligent Systems, Guangdong Provincial Key Laboratory of Human-Augmentation and Rehabilitation Robotics in Universities, Southern University of Science and Technology, Shenzhen, China",IEEE Transactions on Smart Grid,"21 Oct 2022","2022","13","6","4716","4729","We study the competitive pricing problem of electric vehicle charging station (EVCS). The EVCS determines its optimal pricing strategy considering the competition from the other EVCS and the impact of charging loads on the distribution locational marginal price (DLMP) of the power network. A trilevel optimization model is proposed, where the upper and middle level capture the profit maximization problems of this EVCS and its competitor respectively, while the lower level represents the optimal power flow problem of distribution network. Due to its computational challenge, this model is reformulated into a single level one, and their equivalence is rigorously proved. Furthermore, we develop an exact algorithm to achieve the global optimal solution, and also prove its finite convergence. Finally, numerical results validate our trilevel model and exact algorithm, and demonstrate their merits in increasing profits for the EVCS.","1949-3061","","10.1109/TSG.2022.3181359","National Key Research and Development Program of China(grant numbers:2019YFB1705401); Natural Science Foundation of China(grant numbers:61903179,61873118); Science, Technology and Innovation Commission of Shenzhen Municipality(grant numbers:RCBS20200714114918137,20200925174707002,ZDSYS20200811143601004,TSG-01555-2021); ","https://ieeexplore.ieee.org/stamp/stamp.jsp?arnumber=9790878","Trilevel optimization;competitive pricing;electric vehicle;bilevel mixed-integer programming;distribution locational marginal price","Pricing;Electric vehicle charging;Optimization;Games;Couplings;Load modeling;Transportation;Integer programming","","27","","49","IEEE","8 Jun 2022","","","IEEE","IEEE Journals"
"Optimal Siting and Sizing of EV Charging Station Using Stochastic Power Flow Analysis for Voltage Stability","Y. Jin; M. A. Acquah; M. Seo; S. Han","School of Electrical and Electronic Engineering, Kyungpook National University, Daegu, South Korea; School of Electrical Energy Engineering, Keimyung University, Daegu, South Korea; School of Electrical and Electronic Engineering, Kyungpook National University, Daegu, South Korea; School of Electrical and Electronic Engineering, Kyungpook National University, Daegu, South Korea",IEEE Transactions on Transportation Electrification,"18 Mar 2024","2024","10","1","777","794","Existing literature on planning for electric vehicle charging station (EVCS) fails to consider uncertain factors in power systems, such as load fluctuations and the impact of EV integration. Consequently, using deterministic power flow (DPF) algorithms for EVCS planning is unreliable. To address this, we propose a probabilistic model for EV charging loads and introduce a novel dynamic system voltage stability (DSVS) index. We then present an effective optimization model for EVCS site and size planning using stochastic power flow (SPF). Our model aims to maximize capital gains on investment costs of EVCS, minimize yearly EV users’ average wait time and distance to charge costs, and minimize the DSVS index. To simplify the problem, we use the super efficiency data envelopment analysis (SEDEA) method to determine objective weights and transform the multiobjective optimization problem into a single-objective one. Finally, we jointly solve the model using the voronoi diagram and adaptive differential evolution optimization algorithm (ADEOA). We verify the effectiveness of our proposed method using a case study with the IEEE 33-node distribution network topology diagram and a planning area diagram.","2332-7782","","10.1109/TTE.2023.3275080","Korea Electrotechnology Research Institute (KERI) Primary research program through the National Research Council of Science & Technology (NST) funded by the Ministry of Science and Information & Communications Technology (MSIT)(grant numbers:23A01069); ","https://ieeexplore.ieee.org/stamp/stamp.jsp?arnumber=10123058","Dynamic system voltage stability (DSVS);electric vehicle charging station (EVCS);site and size planning;stochastic power flow (SPF);super efficiency data envelopment analysis (SEDEA);voronoi diagram","Costs;Indexes;Voltage;Charging stations;Planning;Optimization;Power system stability","","51","","69","CCBY","11 May 2023","","","IEEE","IEEE Journals"
"A Comprehensive Review and Analysis of the Allocation of Electric Vehicle Charging Stations in Distribution Networks","T. Yuvaraj; K. R. Devabalaji; J. A. Kumar; S. B. Thanikanti; N. I. Nwulu","Centre for Computational Modeling, Chennai Institute of Technology, Chennai, India; Department of Electrical and Electronics Engineering, Aarupadai Veedu Institute of Technology, Vinayaka Mission’s Research Foundation, Chennai, India; Department of Electrical and Electronics Engineering, Saveetha Engineering College, Chennai, India; Department of Electrical and Electronics Engineering, Chaitanya Bharathi Institute of Technology, Hyderabad, India; Centre for Cyber Physical Food, Energy and Water Systems, University of Johannesburg, Johannesburg, South Africa",IEEE Access,"11 Jan 2024","2024","12","","5404","5461","In recent times, the limited availability of fossil fuels and growing concerns regarding the emission of greenhouse gases (GHGs) have directly impacted the shift from conventional automobiles to electric vehicles (EVs). Additionally, there have been notable advancements in new energy research, which have significantly improved the viability of EVs. Consequently, EVs have gained widespread recognition and have been rapidly adopted in many countries worldwide. However, the rapid growth of EVs has given rise to several challenges, such as insufficient charging infrastructure, unequal distribution, high costs, and a lack of charging stations, which have become increasingly significant. The limited availability of charging facilities is hindering the widespread adoption of EVs. However, as more people embrace EVs, there has been a growth in the installation of electric vehicle charging stations (EVCSs) in public locations. Recent research has focused on identifying the ideal locations for EVCSs in order to assist the electrification of transport systems and meet the growing demand for EVs. A well-developed EVCS infrastructure can help address some key issues facing EVs, such as pricing and range limitations. Researchers have used various methodologies, objective functions, and constraints to formulate the problem of identifying the best sites for EVCSs. Current research is focused on determining the best locations for EVCSs. This endeavor intends to ease the transition to electrified transport networks while also addressing the growing demand for EVs. This review article explores various optimization techniques to achieve optimal solutions while considering the impact of EV charging load on the distribution system (DS), environmental implications, and economic impact. The research used a standard IEEE 33-bus radial distribution system (RDS) with a full variety of potential energy sources to improve understanding of the subject. The use of the bald eagle search algorithm (BESA) and cuckoo search algorithm (CSA) aided in the best identification of energy source locations and their relative capacities. In addition, the examination of EV charging techniques, including both the traditional charging technique (TCT) and the innovative charging technique (ICT), is being undertaken to assess the effectiveness of these approaches. The study included ten separate scenarios, each of which was thoroughly evaluated to demonstrate the individual and synergistic usefulness of various energy sources in mitigating the effects of EV charging on the DS. The collected data from the empirical inquiry was aggregated and thoroughly analyzed.","2169-3536","","10.1109/ACCESS.2023.3349274","","https://ieeexplore.ieee.org/stamp/stamp.jsp?arnumber=10380227","Electrical vehicles;electric vehicle charging stations;bald eagle search algorithm;cuckoo search algorithm;renewable distributed generations;distribution static compensator;battery energy storage system;capacitor;innovative charging technique;radial distribution system","Batteries;Electric vehicle charging;Electric potential;Costs;Resource management;Object recognition;Charging stations;Energy storage","","129","","213","CCBYNCND","3 Jan 2024","","","IEEE","IEEE Journals"
"Risk-Aware Hierarchical Coordination of Peer-to-Peer Energy Trading for Electric Vehicle Charging Stations in Constrained Power Distribution and Urban Transportation Networks Under Uncertainties","X. Chen; X. Wang; M. Shahidehpour","School of Electrical Engineering, Xi’an Jiaotong University, Xi’an, Shaanxi, China; School of Electrical Engineering, Xi’an Jiaotong University, Xi’an, Shaanxi, China; Department of Electrical and Computer Engineering, Illinois Institute of Technology, Chicago, IL, USA",IEEE Transactions on Transportation Electrification,"1 Jan 2025","2024","10","4","9264","9280","The growing uncertainty and the variability arising from the continuous proliferation of variable renewable deployment in electric vehicle charging stations (EVCSs) and power distribution networks (PDNs) have posed inevitable cost and operation risks to EVCSs and PDNs, respectively. In such an intricate uncertain environment, how to coordinate the peer-to-peer (P2P) transactive energy (TE) trading among EVCSs is still a challenge. Therefore, this article proposes a risk-aware P2P-TE coordination framework for EVCSs in constrained urban transportation network (UTN) and PDN to handle various uncertainties. The electric vehicle (EV) charging load simulation is implemented in UTN using the Monte Carlo method (MCM) to obtain the expected value and various scenarios, which are used for EVCS scheduling and uncertainty set construction. The autonomous and privacy-protected P2P-TE trading, which is modeled as a distributionally robust optimization (DRO) problem, is designed among EVCSs considering the uncertainties of charging load, renewable generation, and PDN electricity price. After receiving the trading results, a three-phase unbalanced probabilistic optimal power flow based on distributionally robust chance constraint (DR-CC) is executed by distribution system operator (DSO) for security operation, where the affine policy and system-wide response functions are developed to reformulate the original DR-CC model into tractable second-order cone programming (SOCP) form. If any PDN constraints are violated, a trading adjustment signal will be returned to EVCSs in an iterative process. Numerical tests are carried out on a 12-node UTN and the modified IEEE 33-bus PDN to validate the effectiveness of the proposed risk-aware P2P-TE coordination scheme, where the total operation cost of EVCSs is reduced by 26.65% and the tradeoff between conservatism and optimism against uncertainties is guaranteed.","2332-7782","","10.1109/TTE.2024.3362848","Science and Technology Project of State Grid Jiangsu Electric Power Company, “Research Service on Trading Mode and Function Module of New Type Distribution System Market for Promoting PV Consumption (J2023103)”; ","https://ieeexplore.ieee.org/stamp/stamp.jsp?arnumber=10423054","Chance constraint;distributionally robust;electric vehicle charging station (EVCS);peer-to-peer (P2P);probabilistic optimal power flow;transactive energy (TE)","Uncertainty;Peer-to-peer computing;Electric vehicle charging;Transportation;Optimization;Load modeling;Load flow","","8","","38","IEEE","6 Feb 2024","","","IEEE","IEEE Journals"
"Optimal Allocation of EV Charging Stations in a Radial Distribution Network Using Probabilistic Load Modeling","A. Sadhukhan; M. S. Ahmad; S. Sivasubramani","Department of Electrical Engineering, Indian Institute of Technology Patna, Patna, India; Rolls-Royce@NTU Corporate Laboratory, Singapore; Department of Electrical Engineering, Indian Institute of Technology Patna, Patna, India",IEEE Transactions on Intelligent Transportation Systems,"10 Aug 2022","2022","23","8","11376","11385","Electric vehicle (EV) charging stations (CSs) are the coupling point between the power grid and the transport network. Operational behaviour of EVs will affect both the networks simultaneously. Thus, the optimal placement of CSs in a distribution network plays a vital role. This paper proposes a novel method for optimal placement of EV charging stations considering loss minimization of the electrical grid, as well as EVs’ power loss during travel towards charging station. CS’s utilization factor helps to determine the number of CSs required in a network by ensure the effective usage of the investment in the CS infrastructure. Instead of a constant load/static load demand, the proposed work uses a queueing model for the dynamic behaviour of a CS serviceability. To capture the uncertainty in electrical demand and EV behaviour, a probabilistic load modelling (PLM) method is employed. With the recognized modelling, this work can optimally allocate CSs in a distribution network. The problem is structured as a multi-objective optimization problem. Simulation experiments are conducted on a test system to illustrate the proposed method. The influence on voltage profile, CS utilization, and load uncertainty are analyzed and presented to demonstrate the effectiveness of the proposed method.","1558-0016","","10.1109/TITS.2021.3103419","Visvesvaraya Ph.D. Scheme, Ministry of Electronics and Information Technology, Government of India(grant numbers:MEITY-PHD-1613); Digital India Corporation; ","https://ieeexplore.ieee.org/stamp/stamp.jsp?arnumber=9512527","Probabilistic load flow;queuing theory;utilization factor;Monte Carlo simulation;electric vehicle","Load modeling;Probabilistic logic;Batteries;Charging stations;Distribution networks;Queueing analysis;Electric vehicle charging","","55","","33","IEEE","12 Aug 2021","","","IEEE","IEEE Journals"
"Optimization Approaches for Fast Charging Stations Allocation and Sizing: A Review","S. M. Kandil; A. Abdelfatah; M. A. Azzouz","Department of Industrial Engineering, American University of Sharjah, Sharjah, United Arab Emirates; Department of Civil Engineering, American University of Sharjah, Sharjah, United Arab Emirates; Electrical Engineering Department, Qatar University, Doha, Qatar",IEEE Access,"2 Apr 2024","2024","12","","46741","46763","The widespread use of fossil fuels in transportation has resulted in significant carbon dioxide emissions and increased reliance on non-renewable energy sources. To address these environmental challenges, the electrification of transportation systems through Electric Vehicles (EVs) has emerged as a promising solution. However, the successful deployment of EVs hinges on the availability of a robust charging infrastructure capable of meeting the charging demands and extending the driving range of EVs. Nonetheless, the large-scale deployment of EV charging infrastructure presents several challenges, including the ability of the electric grid to supply the required energy to accommodate the charging demand. Moreover, determining the optimal locations for fast-charging stations (FCS) in the traffic network to ensure accessibility, convenience, and efficient resource utilization poses a significant challenge. As a result, numerous studies have investigated the optimal allocation and sizing of EV charging infrastructure. The primary objective of this research is to conduct a comprehensive literature review to examine how this optimization problem has been addressed in the literature over the past decade. The review aims to identify the key factors considered in the problem formulation and the optimization techniques for allocating and sizing the charging stations. To achieve this goal, a systematic literature review was conducted following the PRISMA methodology for a comprehensive and unbiased approach. This review contributes to the existing literature by highlighting critical gaps and proposing a framework that can possibly bridge these gaps. The review identifies several critical gaps in current research, including: 1) Transportation-focused studies largely ignore electrical grid constraints; 2) Electrical-focused research often relies on statistically modeled EV charging demand, which may include some geographical assumptions; 3) Multidisciplinary approaches integrating both transportation and electrical networks are still in early stage; 4) Dynamic traffic flow of EVs is rarely considered; 5) Exact optimization methods largely rely on linearized or approximated models; 6) Dominance of approximate methods in transportation and electrical network modeling, primarily relying on evolutionary algorithms; and 7) Hybrid approaches are mainly utilized to solve a specific part of the problem rather than enhancing the quality of the solution. In response to these gaps, the research proposes a novel framework to integrate the transportation network and the electrical grid planning process, offering a holistic and practical solution in FCS infrastructure development.","2169-3536","","10.1109/ACCESS.2024.3381635","Open Access Program with American University of Sharjah; Faculty Research Grant(grant numbers:EN5027:FRG23-C-E21); American University of Sharjah; American University of Sharjah through providing a Graduate Research Assistantship (GTA); Office of Research and Graduate Studies to the Ph.D. Program in Engineering Systems Management; ","https://ieeexplore.ieee.org/stamp/stamp.jsp?arnumber=10478920","Allocation;fast charging station;optimization;power flow;transportation electrification","Reviews;Resource management;Optimization;Transportation;Systematics;Electric vehicle charging;Mathematical models;Fast charging stations;Load flow;Electrification","","10","","123","CCBYNCND","25 Mar 2024","","","IEEE","IEEE Journals"
"An In-Depth Exploration of Electric Vehicle Charging Station Infrastructure: A Comprehensive Review of Challenges, Mitigation Approaches, and Optimization Strategies","A. K. M. Yousuf; Z. Wang; R. Paranjape; Y. Tang","Department of Electronic Systems Engineering, University of Regina, Regina, SK, Canada; Department of Civil and Environmental Engineering, University of Western Ontario, London, ON, Canada; Department of Electronic Systems Engineering, University of Regina, Regina, SK, Canada; Department of Civil and Environmental Engineering, University of Western Ontario, London, ON, Canada",IEEE Access,"15 Apr 2024","2024","12","","51570","51589","The increasing popularity and number of electric vehicles (EVs) globally have resulted in a growing demand for efficient, reliable, and effective electric vehicle charging station (EVCS) infrastructure. However, the development and implementation of this infrastructure involves various challenges, including the variety of EVs, charging and battery technologies, high installation costs, limited grid capacity, and uncertainties regarding future demand, and raises issues regarding the quality, security, and stability of the power system. This paper presents a holistic understanding of the challenges, mitigation approaches, and available technologies and protocols related to EVCS network deployment. Moreover, optimization strategies such as location planning, network integration, scheduling charging time, and planning price, which involve maximizing the utilization of charging stations and minimizing associated costs, and their modeling techniques are highlighted. This review aims to provide insights to develop sustainable, efficient EVCS infrastructure while overcoming the challenges and optimizing the benefits.","2169-3536","","10.1109/ACCESS.2024.3385731","Natural Sciences and Engineering Research Council of Canada (NSERC) through the Discovery(grant numbers:RGPIN-2021-04177); Alliance(grant numbers:ALLRP 577114-2022); ","https://ieeexplore.ieee.org/stamp/stamp.jsp?arnumber=10494325","Electric vehicle charger;electric vehicle charging station;optimization algorithm;power system;renewable energy source","Batteries;Charging stations;Electric vehicle charging;Power system planning;Power system stability;Inductive charging;Connectors;Optimization methods;Renewable energy sources","","66","","102","CCBYNCND","8 Apr 2024","","","IEEE","IEEE Journals"
"Increasing Unbalanced Distribution Network’s Hosting Capacity for Distributed Energy Resources by Voltage Regulators","S. Toghranegar; A. Rabiee; S. M. Mohseni-Bonab","Department of Electrical Engineering, University of Zanjan, Zanjan, Iran; Department of Electrical Engineering, University of Zanjan, Zanjan, Iran; Hydro-Québec Research Institute (IREQ), Digital Systems, Varennes, Canada",IEEE Access,"9 Mar 2023","2023","11","","22664","22679","Renewable energy sources (RESs) are becoming promising nowadays. Deploying distributed energy resources (DERs) is thus increasing accordingly, but the intermittent nature associated with RES remains a significant challenge. Also, the distribution grid faces technological difficulties with the large-scale integration of PV generations and EV charging loads. This paper suggests a strategy for a novel optimal voltage regulator (VR) placement model associated with the optimal placement of electric vehicle chargers (EVCs) and photovoltaic (PV) cells. Also, VRs’ reference voltages are determined optimally to enhance the hosting capacity (HC) of three-phase unbalanced distribution feeders for large-scale residential/public EVCs and PVs. Two scenarios are defined to study the impact of VRs on the network’s HC for DERs, namely with and without VRs in the real three-phase unbalanced feeder. The developed model determines the optimal placement of VRs and their reference voltages linked with EVCs and PVs penetration. Time-Varying Acceleration Coefficients Iteration Particle Swarm Optimization (TVAC-IPSO) algorithm has been implemented to improve the real three-phase unbalanced distribution feeder’s HC for DERs. The efficiency of the proposed model and the solution method is validated on the modified IEEE 37-node medium voltage (MV) radial distribution network connected to 35 low voltage (LV) distribution feeders. The obtained results represent that installing a proper number of VRs will increase the network’s HC for DERs.","2169-3536","","10.1109/ACCESS.2023.3252371","","https://ieeexplore.ieee.org/stamp/stamp.jsp?arnumber=10058190","Electric vehicle (EV);particle swarm optimization (PSO);photovoltaic (PV);unbalanced distribution network;voltage regulator (VR)","Reactive power;Voltage control;Regulators;Inverters;Load flow;Indexes;Power demand;Electric vehicles","","9","","35","CCBYNCND","3 Mar 2023","","","IEEE","IEEE Journals"
"Hybrid Genetic Algorithm-Modified Salp Swarm Algorithm to Determine the Optimal Location of Electric Vehicle Charging Station in Distribution Networks","S. D. Nugraha; M. Ashari; D. C. Riawan","Department of Electrical Engineering, Institut Teknologi Sepuluh Nopember, Surabaya, Indonesia; Department of Electrical Engineering, Institut Teknologi Sepuluh Nopember, Surabaya, Indonesia; Department of Electrical Engineering, Institut Teknologi Sepuluh Nopember, Surabaya, Indonesia",IEEE Access,"24 Sep 2024","2024","12","","132332","132343","This study utilized a newly developed hybrid algorithm to ascertain the most favorable site for the installation of electric vehicle charging stations (EVCs). Random installation of EVCs may cause voltage disturbances, power quality disturbances and power losses in the distribution network. The hybrid genetic algorithm-modified salp swarm algorithm (HGAMSSA) was used to determine the optimal EVCs placement in the distribution network by considering power losses, network capacity and voltage regulation. HGAMSSA is a combination of GA and MSSA. In the first stage, the GA method distributes the population randomly and the second stage crosses the membership between dimensions. In the third stage, MSSA processes the best population from the GA to determine the best objective function. The HGAMSSA incorporates Optimal Power Flow (OPF) calculations based on Newton-Raphson. The OPF simulation uses a modified 20kV IEEE 33 bus distribution network. For validation, HGAMSSA was compared with four different algorithms: GA, PSO, SSA, and MPSO. There are three test scenarios with populations of 100, 50, and 20. As a result, the power loss generated as the best objective function wase 0.15715 MW. When the population is 100, HGAMSSA has the fastest iteration (5th) in achieving the best objective function compared with MPSO (13th) and SSA (17th). Furthermore, the best objective function can only be achieved by HGAMSSA when the populations are 50 and 20. This shows that HGAMSSA can explore and exploit populations performance to identify the optimal objective function.","2169-3536","","10.1109/ACCESS.2024.3458982","Government of Indonesia, Center for Higher Education Funding (BPPT)-Indonesia Endowment Fund for Education (LPDP) through the Beasiswa Pendidikan Indonesia(grant numbers:202209092693); ","https://ieeexplore.ieee.org/stamp/stamp.jsp?arnumber=10679119","Hybrid genetic algorithm-modified salp swarm algorithm (HGAMSSA);charging station;electric vehicle;OPF;hybrid algorithm","Genetic algorithms;Optimization methods;Linear programming;Distribution networks;Particle swarm optimization;Metaheuristics;Electric vehicle charging","","7","","47","CCBYNCND","12 Sep 2024","","","IEEE","IEEE Journals"
"Multiobjective Planning Strategy for the Placement of Electric-Vehicle Charging Stations Using Hybrid Optimization Algorithm","S. Muthukannan; D. Karthikaikannan","SASTRA Deemed to be University, Thanjavur, Tamil Nadu, India; School of Electrical and Electronics Engineering, SASTRA Deemed to be University, Thanjavur, Tamil Nadu, India",IEEE Access,"9 May 2022","2022","10","","48088","48101","Electric Vehicle (EV) charging station placement problem is a facility location problem. The EV charging station placement problem concerns about the total coverage in traffic network, the system losses and node voltage deviations in electric distribution system. To address the loss reduction and voltage profile improvement, the distribution systems are normally equipped with shunt capacitors for reactive power compensation. In this paper mathematical model comprising three objective functions, maximization of coverage and minimization of loss and node voltage deviations subjected to constraints is proposed for the simultaneous placement of EV charging stations and shunt capacitors. The control variables for optimization are the rating and location of charging stations and shunt capacitors. A hybrid optimization algorithm (PSO-DS) combining particle swarm optimization algorithm and direct search method is proposed for the solution of the mathematical model. The performance of PSO-DS is justified by comparing it with other state-of-the-art algorithms in solving the standard benchmark functions. Simulations are carried out on a 33-bus distribution system and a 25-node traffic network system to determine the different planning strategy for the placement of charging stations.","2169-3536","","10.1109/ACCESS.2022.3168830","","https://ieeexplore.ieee.org/stamp/stamp.jsp?arnumber=9760414","Charging station;electric vehicle (EV);facility location problem;particle swarm optimization (PSO);direct search (DS)","Electric vehicle charging;Mathematical models;Charging stations;Capacitors;Optimization;Costs;Voltage","","48","","23","CCBY","20 Apr 2022","","","IEEE","IEEE Journals"
"Optimal Sizing and Siting of Electric Vehicle Charging Stations in Distribution Networks With Robust Optimizing Model","S. S. Barhagh; B. Mohammadi-Ivatloo; M. Abapour; M. Shafie-Khah","Faculty of Electrical and Computer Engineering, University of Tabriz, Tabriz, Iran; Faculty of Electrical and Computer Engineering, University of Tabriz, Tabriz, Iran; Faculty of Electrical and Computer Engineering, University of Tabriz, Tabriz, Iran; School of Technology and Innovations, University of Vaasa, Vaasa, Finland",IEEE Transactions on Intelligent Transportation Systems,"14 May 2024","2024","25","5","4314","4325","Optimal planning of power distribution systems with local resources is crucial to meet energy demand and avoid disruptions in energy supply for consumers. This requires the system operators to manage available resources and utilize suitable risk management tools to control and study uncertainties and their potential consequences. This paper proposes an uncertainty-based optimization framework based on the robust optimization and scenario methodology for optimal sizing and siting of electrical vehicle charging stations (EVCSs). The proposed model seeks to take advantage of the flexibility introduced by EVCSs and gain financial profit for the operator of the power distribution system through reducing power losses and offering services to electricity markets. To handle the uncertainties posed by different resources, two risk measures are employed simultaneously. The uncertainty originating from the state of charge (SOC) of electric vehicles (EVs) is addressed through stochastic programming, while the robust optimization method (ROM) enables the operator of the power distribution system to be informed of the consequences of uncertainty in electricity load. Therefore, appropriate strategies can be taken to tackle the uncertainties while keeping the system operation stable and gaining financial profit. Thus, three strategies are studied in the proposed model as follows: risk-neutral, risk-averse, and risk-taker. In addition, the non-linear terms in power flow modeling were linearized through a set of linear functions which transforms the proposed model to a MILP problem. The IEEE 33-bus test system under different levels of load uncertainty and considering the uncertainty in SOC of EVs is utilized to ensure the effectiveness of the proposed model. The results highlight the efficiency of the proposed model in considering uncertainties and taking advantage of the consideration of different risk attitudes by the decision-maker that ROM provides for the optimal operation of the power distribution system.","1558-0016","","10.1109/TITS.2023.3334470","","https://ieeexplore.ieee.org/stamp/stamp.jsp?arnumber=10359451","Electric vehicles charging stations (EVCSs);power distribution systems;uncertainty management;robust optimization method (ROM);scenario method","Uncertainty;Costs;Spinning;Read only memory;Power distribution;Load modeling;Charging stations","","15","","37","IEEE","13 Dec 2023","","","IEEE","IEEE Journals"
"Multi-objective simultaneous optimal planning of electrical vehicle fast charging stations and DGs in distribution system","G. Battapothula; C. Yammani; S. Maheswarapu","National Institute of Technology, Warangal, India; National Institute of Technology, Warangal, India; National Institute of Technology, Warangal, India",Journal of Modern Power Systems and Clean Energy,"9 Mar 2020","2019","7","4","923","934","The large-scale construction of fast charging stations (FCSs) for electrical vehicles (EVs) is helpful in promoting the EV. It creates a significant challenge for the distribution system operator to determine the optimal planning, especially the siting and sizing of FCSs in the electrical distribution system. Inappropriate planning of fast EV charging stations (EVCSs) cause a negative impact on the distribution system. This paper presented a multi-objective optimization problem to obtain the simultaneous placement and sizing of FCSs and distributed generations (DGs) with the constraints such as the number of EVs in all zones and possible number of FCSs based on the road and electrical network in the proposed system. The problem is formulated as a mixed integer non-linear problem (MINLP) to optimize the loss of EV user, network power loss (NPL), FCS development cost and improve the voltage profile of the electrical distribution system. Non-dominated sorting genetic algorithm II (NSGA-II) is used for solving the MINLP. The performance of the proposed technique is evaluated by the 118-bus electrical distribution system.","2196-5420","","10.1007/s40565-018-0493-2","","https://ieeexplore.ieee.org/stamp/stamp.jsp?arnumber=9028838","Electrical vehicles (EVs);Fast charging stations (FCSs);Non-dominated sorting genetic algorithm II (NSGA-II);Renewable energy sources","Cascading style sheets;Planning;Electric vehicle charging;Connectors;Investment;Charging stations;Energy consumption","","33","","31","","9 Mar 2020","","","SGEPRI","SGEPRI Journals"
"Optimal Placement of Electric Vehicle Charging Stations in the Active Distribution Network","M. Z. Zeb; K. Imran; A. Khattak; A. K. Janjua; A. Pal; M. Nadeem; J. Zhang; S. Khan","U.S. Pakistan Center for Advanced Studies in Energy, National University of Sciences and Technology, Islamabad, Pakistan; U.S. Pakistan Center for Advanced Studies in Energy, National University of Sciences and Technology, Islamabad, Pakistan; U.S. Pakistan Center for Advanced Studies in Energy, National University of Sciences and Technology, Islamabad, Pakistan; U.S. Pakistan Center for Advanced Studies in Energy, National University of Sciences and Technology, Islamabad, Pakistan; School of Electrical, Computer, and Energy Engineering, Arizona State University, Tempe, USA; U.S. Pakistan Center for Advanced Studies in Energy, National University of Sciences and Technology, Islamabad, Pakistan; Department of Automotive Engineering, Clemson University, Clemson, USA; Department of Electric Energy Systems, Center of Energy, Austrian Institute of Technology, Vienna, Austria",IEEE Access,"20 Apr 2020","2020","8","","68124","68134","Electrification of the transportation sector can play a vital role in reshaping smart cities. With an increasing number of electric vehicles (EVs) on the road, deployment of well-planned and efficient charging infrastructure is highly desirable. Unlike level 1 and level 2 charging stations, level 3 chargers are super-fast in charging EVs. However, their installation at every possible site is not techno-economically justifiable because level 3 chargers may cause violation of critical system parameters due to their high power consumption. In this paper, we demonstrate an optimized combination of all three types of EV chargers for efficiently managing the EV load while minimizing installation cost, losses, and distribution transformer loading. Effects of photovoltaic (PV) generation are also incorporated in the analysis. Due to the uncertain nature of vehicle users, EV load is modeled as a stochastic process. Particle swarm optimization (PSO) is used to solve the constrained nonlinear stochastic problem. MATLAB and OpenDSS are used to simulate the model. The proposed idea is validated on the real distribution system of the National University of Sciences and Technology (NUST) Pakistan. Results show that an optimized combination of chargers placed at judicious locations can greatly reduce cost from $3.55 million to $1.99 million, daily losses from 787kWh to 286kWh and distribution transformer congestion from 58% to 22% when compared to scenario of optimized placement of level 3 chargers for 20% penetration level in commercial feeders. In residential feeder, these statistics are improved from $2.52 to $0.81 million, from 2167kWh to 398kWh and from 106% to 14%, respectively. It is also realized that the integration of PV improves voltage profile and reduces the negative impact of EV load. Our optimization model can work for commercial areas such as offices, university campuses, and industries as well as residential colonies.","2169-3536","","10.1109/ACCESS.2020.2984127","","https://ieeexplore.ieee.org/stamp/stamp.jsp?arnumber=9050479","Charging stations placement;distribution system;electric vehicles (EVs);optimization","Charging stations;Load modeling;Planning;Mathematical model;Electric vehicle charging;Photovoltaic systems","","194","","32","CCBY","30 Mar 2020","","","IEEE","IEEE Journals"
"Optimal Scheduling for EV Charging Stations in Distribution Networks: A Convexified Model","Y. Song; Y. Zheng; D. J. Hill","Department of Electrical and Electronic Engineering, The University of Hong Kong, Hong Kong; Department of Electrical and Electronic Engineering, The University of Hong Kong, Hong Kong; Department of Electrical and Electronic Engineering, The University of Hong Kong, Hong Kong",IEEE Transactions on Power Systems,"16 Feb 2017","2017","32","2","1574","1575","A convexified model for EV charging station scheduling is proposed in this letter, which minimizes the total charging cost and the energy cost from the substation during the concerned time horizon. The model is transformed from the conventional model by using convex relaxation techniques, by which the globally optimal solution and high computational efficiency can be achieved. The proposed approach is validated by numerical simulations on a 15-bus distribution network.","1558-0679","","10.1109/TPWRS.2016.2568746","Hong Kong Ph.D. Fellowship Scheme and the Research Grants Council of the Hong Kong Special Administrative Region; Theme-based Research Scheme through Project(grant numbers:T23-701/14-N); ","https://ieeexplore.ieee.org/stamp/stamp.jsp?arnumber=7469776","Convex relaxation;distribution network;EV charging station","Charging stations;Optimal scheduling;Computational modeling;Schedules;Substations;Processor scheduling;DH-HEMTs","","52","","6","IEEE","13 May 2016","","","IEEE","IEEE Journals"
"Decentralized Distributionally Robust Coordination Between Distribution System and Charging Station Operators in Unbalanced Distribution Systems","H. T. Nguyen; D. -H. Choi","School of Electrical and Electronics Engineering, Chung-Ang University, Seoul, South Korea; School of Electrical and Electronics Engineering, Chung-Ang University, Seoul, South Korea",IEEE Transactions on Smart Grid,"21 Apr 2023","2023","14","3","2164","2177","Coordination between the distribution system operator (DSO) and charging station operators (CSOs) is crucial for ensuring stable and economical operation of distribution grids and electric vehicle charging stations (EVCSs). We propose a computationally efficient and privacy-preserving decentralized DSO-CSO coordination framework for robust operation of distribution grids and EVCSs under uncertainties in active unbalanced distribution systems. A centralized model predictive control (MPC) is developed based on distributionally robust optimization (DRO), which characterizes the uncertainties in photovoltaic generation outputs, loads, and electricity prices using the Wasserstein metric. Two scalable optimization approaches are presented to address the high computation time requirement of the proposed centralized DRO-based MPC method through the reduction of constraints: i) a robust optimization method including a distributionally robust bound on the uncertainties, and ii) a bi-level optimization method that determines critical buses associated with voltage violations. Furthermore, to preserve data privacy of electric vehicles, the centralized DRO-based MPC problem is transformed through an alternating direction multiplier method into a decentralized DRO-based MPC problem comprising the DSO and CSO problems. The efficiency and scalability of the proposed DSO-CSO coordination framework are analyzed using the IEEE 37-bus and IEEE 123-bus systems.","1949-3061","","10.1109/TSG.2022.3210232","National Research Foundation of Korea (NRF) funded by the Korea Government (MSIT)(grant numbers:2021R1A4A1031019); Human Resources Development of the Korea Institute of Energy Technology Evaluation and Planning (KETEP) Grant funded by the Korea Government Ministry of Trade, Industry and Energy(grant numbers:20204030200090); ","https://ieeexplore.ieee.org/stamp/stamp.jsp?arnumber=9904871","Electric vehicle charging station;Volt-VAR control;uncertainty;distributionally robust optimization;alternating direction multiplier method","Uncertainty;Voltage;Electric vehicle charging;Measurement;Load modeling;Data privacy;Substations","","16","","34","IEEE","28 Sep 2022","","","IEEE","IEEE Journals"
"Enhancing EV Charging Station Integration: A Hybrid ARIMA-LSTM Forecasting and Optimization Framework","M. I. El-Afifi; A. A. Eladl; B. E. Sedhom; M. A. Hassan","Electrical Engineering Department, Faculty of Engineering, Mansoura University, El-Mansoura, Egypt; Electrical Engineering Department, Faculty of Engineering, Mansoura University, El-Mansoura, Egypt; Electrical Engineering Department, Faculty of Engineering, Mansoura University, El-Mansoura, Egypt; Electrical Engineering Department, Faculty of Engineering, Mansoura University, El-Mansoura, Egypt",IEEE Transactions on Industry Applications,"20 May 2025","2025","61","3","4924","4935","Electric vehicles (EVs) offer substantial environmental benefits but introduce challenges to power grids due to capacity limitations. Effective deployment and coordination of EV Charging Stations (EVCS) are crucial, as improper placement can lead to increased power losses and voltage fluctuations. This paper presents a comprehensive approach to address these challenges by proposing a deep learning-based, two-tier optimization strategy for EVCS placement within distribution networks. A hybrid forecasting model that combines autoregressive integrated moving average (ARIMA) and long short-term memory (LSTM) techniques is employed to accurately predict EV charging load. The ARIMA model captures seasonality and transient patterns, while the LSTM model identifies long-term dependencies, enhancing forecasting accuracy. Additionally, the paper introduces a Hybrid Archimedes-Genetic Algorithm (HAG), which merges the Archimedes Optimization Algorithm (AOA) with the Genetic Algorithm (GA). This multi-objective approach aims to minimize both active and reactive power losses and control voltage deviations. Tested on IEEE 33-bus and 69-bus systems using MATLAB and Python, the HAG method demonstrated significant improvements, with reductions in active losses of up to 33% and 10.7%, and reactive losses of up to 33% and 10.8% compared to GA and AOA alone. These findings underscore the effectiveness of combining accurate EV charging load forecasting with advanced optimization techniques to optimize EVCS placement while minimizing network impact.","1939-9367","","10.1109/TIA.2025.3540788","","https://ieeexplore.ieee.org/stamp/stamp.jsp?arnumber=10882935","Charging station;deep learning;electric vehicle;forecasting;hybrid hag;optimal evs placement","Optimization;Genetic algorithms;Charging stations;Forecasting;Electric vehicle charging;Predictive models;Load modeling;Machine learning;Long short term memory;Reactive power","","10","","41","IEEE","12 Feb 2025","","","IEEE","IEEE Journals"
"Optimal Simultaneous Allocation of Electric Vehicle Charging Stations and Capacitors in Radial Distribution Network Considering Reliability","B. V. Kumar; A. F. M. A","Department of Electrical and Electronic Engineering, National Institute of Technology Tiruchirappalli, Tamilnadu, India; Department of Electrical and Electronic Engineering, National Institute of Technology Tiruchirappalli, Tamilnadu, India",Journal of Modern Power Systems and Clean Energy,"26 Sep 2024","2024","12","5","1584","1595","The popularity of electric vehicles (EVs) has sparked a greater awareness of carbon emissions and climate impact. Urban mobility expansion and EV adoption have led to an increased infrastructure for electric vehicle charging stations (EVCSs), impacting radial distribution networks (RDNs). To reduce the impact of voltage drop, the increased power loss (PL), lower system interruption costs, and proper allocation and positioning of the EVCSs and capacitors are necessary. This paper focuses on the allocation of EVCS and capacitor installations in RDN by maximizing net present value (NPV), considering the reduction in energy losses and interruption costs. As a part of the analysis considering reliability, several compensation coefficients are used to evaluate failure rates and pinpoint those that will improve NPV. To locate the best nodes for EVCSs and capacitors, the hybrid of grey wolf optimization (GWO) and particle swarm optimization (PSO) (HGWO_PSO) and the hybrid of PSO and Cuckoo search (CS) (HPSO_CS) algorithms are proposed, forming a combination of GWO, PSO, and CS optimizations. The impact of EVCSs on NPV is also investigated in this paper. The effectiveness of the proposed optimization algorithms is validated on an IEEE 33-bus RDN.","2196-5420","","10.35833/MPCE.2023.000674","","https://ieeexplore.ieee.org/stamp/stamp.jsp?arnumber=10505134","Electric vehicle charging station;optimization;radial distribution network;vehicle-to-grid;loss reduction;reliability","Capacitors;Costs;Optimization;Electric vehicle charging;Reliability;Charging stations;Resource management","","15","","39","","18 Apr 2024","","","SGEPRI","SGEPRI Journals"
"Optimization Techniques in Electric Vehicle Charging Scheduling, Routing and Spatio-Temporal Demand Coordination: A Systematic Review","E. Elghanam; A. Abdelfatah; M. S. Hassan; A. H. Osman","Department of Industrial Engineering, American University of Sharjah, Sharjah, UAE; Department of Civil Engineering, American University of Sharjah, Sharjah, UAE; Department of Electrical Engineering, American University of Sharjah, Sharjah, UAE; Department of Electrical Engineering, American University of Sharjah, Sharjah, UAE",IEEE Open Journal of Vehicular Technology,"18 Sep 2024","2024","5","","1294","1313","The growing penetration of electric vehicles (EVs) and the increasing EV energy demand pose several challenges to the power grid, the power distribution networks and the transportation networks. This growing demand drives the need for effective demand management and energy coordination strategies to maximize the demand covered by the EV charging stations, ensure EV users' satisfaction and prevent grid-side overload. As a result, several optimization problems are formulated and solved in the literature to provide optimal EV charging schedules (i.e. temporal coordination) as well as optimal EV-to-charging-station assignments and routing plans (i.e. spatial coordination). This paper presents a review of the state-of-the-art literature on the utilization of different deterministic optimization techniques to develop optimal EV charging coordination strategies. In particular, these works are reviewed according to their domains of operation (i.e. time-based scheduling, spatial coordination, and spatio-temporal charging coordination), their respective objectives (user-, grid- and operator-related objectives), and the solution algorithms adopted to provide the corresponding optimal coordination plans. This helps in identifying key research gaps and provide recommendations for future research directions to develop comprehensive and computationally efficient charging coordination models.","2644-1330","","10.1109/OJVT.2024.3420244","American University of Sharjah partly; Open Access Program and partly; Faculty Research(grant numbers:FRG23-C-E17); ","https://ieeexplore.ieee.org/stamp/stamp.jsp?arnumber=10577180","Electric vehicles;charging coordination;deterministic optimization;exact methods;heuristics;metaheuristics;routing;scheduling;spatial coordination;spatio-temporal coordination","Electric vehicle charging;Reviews;Optimization;Routing;Systematics;Costs;Quality of service;Metaheuristics;Scheduling","","26","","117","CCBYNCND","28 Jun 2024","","","IEEE","IEEE Journals"
"Online Hierarchical Aggregate Power Flexibility Characterization of EV Charging Stations With Disaggregation Feasibility Guarantee","X. Wang; S. Wang; L. Du; Y. Chen","Department of Mechanical and Automation Engineering, The Chinese University of Hong Kong, Hong Kong, China; Department of Electrical and Computer Engineering, University of Arkansas at Little Rock, Little Rock, AR, USA; Department of Electrical and Computer Engineering, Villanova University, Villanova, PA, USA; Department of Mechanical and Automation Engineering, The Chinese University of Hong Kong, Hong Kong, China",IEEE Transactions on Transportation Electrification,"24 Nov 2025","2025","11","6","13274","13286","With the increasing integration of electric vehicles (EVs), there is a growing recognition of the contribution of EVs to the flexibility of distribution networks. However, quantitative methods for precisely assessing the flexibility that EVs can provide to the upstream power grid have not been fully explored. To fill the research gap, this article proposes an online hierarchical aggregate flexibility characterization method, which considers the distinct roles of the distribution system operator (DSO) and charging station operators (CSOs). Under this framework, each CSO first characterizes the aggregate EV power flexibility of its charging station as a time-decoupled flexibility region. We prove that any trajectory within the region can be disaggregated into feasible individual EV charging strategies. Upon receiving the aggregate EV power flexibility regions submitted by all CSOs, the DSO solves an optimization problem to derive the aggregate power flexibility region of the distribution network, and we also prove that any power level within this region can be disaggregated into a feasible solution satisfying the network constraints. Furthermore, to account for the impact of the latest dispatch order on future EV power flexibility, real-time feedback is designed and integrated into the hierarchical framework. Numerical experiments on a multiphase distribution network with 123 buses demonstrate the effectiveness and advantages of the proposed method. It is worth noting that the proposed online method outperforms the offline benchmark with perfect information, due to the consideration of dispatch signals.","2332-7782","","10.1109/TTE.2025.3593904","National Natural Science Foundation of China(grant numbers:52307144); U.S. National Science Foundation(grant numbers:2238414); ","https://ieeexplore.ieee.org/stamp/stamp.jsp?arnumber=11104140","Aggregate flexibility;charging station;disaggregation;distribution network;electric vehicle (EV);online optimization","Aggregates;Distribution networks;Charging stations;Electric vehicle charging;Indexes;Reactive power;Optimization;Real-time systems;Transportation;Training","","1","","37","IEEE","30 Jul 2025","","","IEEE","IEEE Journals"
"Technical Review on Advanced Approaches for Electric Vehicle Charging Demand Management, Part II: Applications in Transportation System Coordination and Infrastructure Planning","Z. Ding; F. Teng; P. Sarikprueck; Z. Hu","Department of Electrical and Electronic Engineering, North China Electric Power University, Beijing, China; Department of Electrical and Electronic Engineering, Imperial College London, London, U.K.; Department of Electrical Engineering, Faculty of Engineering, King Mongkut's Institute of Technology Ladkrabang, Bangkok, Thailand; Department of Electrical Engineering, Tsinghua University, Beijing, China",IEEE Transactions on Industry Applications,"18 Sep 2020","2020","56","5","5695","5703","This article proposes a comprehensive technical review on advanced approaches for electric vehicle charging demand management. The survey is divided in two parts. The part II of this survey has two major sections that summarize the charging demand management applications on transportation system coordination and infrastructure planning. The transportation system coordination section discusses the coordinated planning and operation of transportation network and power network, while the infrastructure planning section reviews the charging infrastructure planning and coplanning applications.","1939-9367","","10.1109/TIA.2020.2993760","National Natural Science Foundation of China(grant numbers:U1766205,51907063); National Key Research and Development Program of China(grant numbers:2016YFB0900100); Economic and Social Research Council(grant numbers:ES/T000112/1); Fundamental Research Funds for the Central Universities(grant numbers:2019MS054); Support Program for the Excellent Talents in Beijing City; ","https://ieeexplore.ieee.org/stamp/stamp.jsp?arnumber=9091047","Charging infrastructure;distribution network;electric vehicle (EV) charging demand management;planning;transportation system","Planning;Charging stations;Biological system modeling;Optimization;Electric vehicle charging","","85","","76","IEEE","11 May 2020","","","IEEE","IEEE Journals"
"Integration of Electric Vehicle Charging Stations and DSTATCOM in Practical Indian Distribution Systems Using Bald Eagle Search Algorithm","T. Yuvaraj; K. R. Devabalaji; S. B. Thanikanti; V. B. Pamshetti; N. I. Nwulu","Centre for Computational Modeling, Chennai Institute of Technology, Chennai, India; Department of Electrical and Electronics Engineering, Hindustan Institute of Technology and Science, Chennai, India; Department of Electrical and Electronics Engineering, Chaitanya Bharathi Institute of Technology, Hyderabad, India; Department of Electrical and Electronics Engineering, Chaitanya Bharathi Institute of Technology, Hyderabad, India; Centre for Cyber-Physical Food, Energy and Water Systems, University of Johannesburg, Johannesburg, South Africa",IEEE Access,"8 Jun 2023","2023","11","","55149","55168","Because of the increasing growth of Electric Vehicle (EV) in India, more electricity is required to power such vehicles. It is also gaining popularity because of its low maintenance, improved performance, and zero carbon impact. As the usage of electric vehicles grows, the distribution system’s performance is impacted. As an outcome, the reliability of the distribution system (DS) is dependent on the position of the electric vehicle charging station (EVCS). The fundamental difficulty is the deterioration of the DS due to an incorrect EVCS location. The DS is linked to the charging station and works with the distribution static compensator (DSTATCOM) to minimize the impact of the EVCS. A new nature-inspired Bald Eagle Search Algorithm (BESA) based optimization technique was utilized to find the optimal allocation of DSTATCOM and EVCS in the DS. The proposed strategy for mitigating the real power loss has been tested on practical Indian 28-bus and 108-bus distribution networks. Power loss reduction optimizes the system’s net savings, voltage stability, and bus voltage. The test case findings show that the BESA-based optimization is more accurate regarding power loss mitigation, bus voltage enhancement, and annual net saving improvement than the BA-based optimization in the DS.","2169-3536","","10.1109/ACCESS.2023.3280607","","https://ieeexplore.ieee.org/stamp/stamp.jsp?arnumber=10138176","Electrical vehicle (EV);bald eagle search algorithm (BESA);bat algorithm (BA);distribution STATicCOMpensator (DSTATCOM);voltage stability index (VSI);distribution system (DS);electric vehicle charging station (EVCS)","Optimization;Voltage;Resource management;Costs;Charging stations;Power system stability;Distribution networks","","45","","50","CCBYNCND","29 May 2023","","","IEEE","IEEE Journals"
"Optimal Integration of EV Charging Stations and Capacitors for Net Present Value Maximization in Distribution Network","B. V. Kumar; A. F. M A","National Institute of Technology Tiruchirappalli, IN; National Institute of Technology Tiruchirappalli, IN",IEEE Latin America Transactions,"10 Feb 2025","2025","23","3","239","250","The widespread adoption of electric vehicles (EVs) is crucial for reducing greenhouse gas emissions from traditional vehicles. Central to this adoption is the strategic deployment of electric vehicle charging stations (EVCS), whose improper positioning can pose challenges to electrical networks and utility operators. This paper introduces a novel hybrid approach for optimizing the placement of EVCS and capacitors (CAP) in the distribution network (DN) to mitigate active power loss (APL) and enhance operational efficiency. The methodology includes the optimal placement of CAP banks and EVCS across the network, which is evaluated using the Net Present Value (NPV) criterion. Additionally, the study comprehensively considers the integration of vehicle-to-grid (V2G) capabilities, enhancing network reliability. The proposed hybrid algorithm combines the genetic algorithm (GA) and particle swarm optimization (PSO), i.e., HGAPSO, which leverages their respective strengths in exploration and exploitation. A comprehensive sensitivity analysis is conducted for the IEEE 33, 69, 85, 118, and Brazil 136- bus systems, focusing on cost variables such as energy prices, maintenance costs, and system parameters. This analysis further validates the robustness of the proposed approach, demonstrating significant reductions in APL and maximization of net profit. Comparative results verify the superiority of the hybrid approach over conventional GA and PSO in optimizing the locations of charging stations and reactive power sources within networks.","1548-0992","","10.1109/TLA.2025.10879176","","https://ieeexplore.ieee.org/stamp/stamp.jsp?arnumber=10879176","Electric Vehicle Charging Stations, Capacitors, Distribution Network, Net Present Value, Vehicle-to-Grid, sensitivity analysis.","Costs;Optimization;Vehicle-to-grid;Reactive power;Energy loss;Investment;Hybrid power systems;Genetic algorithms;Electric vehicle charging;Capacitors","","5","","","IEEE","10 Feb 2025","","","IEEE","IEEE Journals"
"A Specialized Long-Term Distribution System Expansion Planning Method With the Integration of Distributed Energy Resources","T. D. De Lima; J. F. Franco; F. Lezama; J. Soares","Department of Electrical Engineering, São Paulo State University (UNESP), Ilha Solteira, São Paulo, Brazil; Department of Electrical Engineering, São Paulo State University (UNESP), Ilha Solteira, São Paulo, Brazil; Research Group on Intelligent Engineering and Computing for Advanced Innovation and Development (GECAD), Polytechnic Institute of Porto (ISEP/IPP), Porto, Portugal; Research Group on Intelligent Engineering and Computing for Advanced Innovation and Development (GECAD), Polytechnic Institute of Porto (ISEP/IPP), Porto, Portugal",IEEE Access,"24 Feb 2022","2022","10","","19133","19148","The electrical distribution system (EDS) has undergone major changes in the last decade due to the increasing integration of distributed generation (DG), particularly renewable energy DG. Since renewable energy resources have uncertain generation, energy storage systems (ESSs) in the EDS can reduce the impact of those uncertainties. Besides, electric vehicles (EVs) have been increasing in recent years leveraged by environmental concerns, bringing new challenges to the operation and planning of the EDS. In this context, new approaches for the distribution system expansion planning (DSEP) problem should consider the distributed energy resources (DG units, ESSs, and EVs) and address environmental impacts. This paper proposes a mixed-integer linear programming model for the DSEP problem considering DG units, ESSs, and EV charging stations, thus incorporating the environmental impact and uncertainties associated with demand (conventional and EVs) and renewable generation. In contrast to other approaches, the proposed model includes the simultaneous optimization of investments in substations, circuits, and distributed energy resources, including environmental aspects (CO2 emissions). The optimization method was developed in the modeling language AMPL and solved via CPLEX. Tests carried out with a 24-node system illustrate its effectiveness as a valuable tool that can assist EDS planners in the integration of distributed energy resources.","2169-3536","","10.1109/ACCESS.2022.3146799","Brazilian Federal Agency for Support and Evaluation of Graduate Education (CAPES), in the scope of the Program CAPES-PrInt(grant numbers:88887.310463/2018-00,88887.570741/2020-00); Brazilian National Council for Scientific and Technological Development (CNPq)(grant numbers:313047/2017-0); São Paulo Research Foundation (FAPESP) through CENERGETIC Research Project(grant numbers:2015/21972-6,2017/02831-8,2018/23617-7,2018/20990-9,2018/08008-4); Fundo Europeu de Desenvolvimento Regional (FEDER) Funds through the Operational Program for Competitiveness and Internationalization (COMPETE2020)(grant numbers:POCI-01-0145-FEDER-028983); National Funds through the Fundação para a Ciência e Tecnologia (FCT) Portuguese Foundation for Science and Technology(grant numbers:PTDC/EEI-EEE/28983/2017 (CENERGETIC),CEECIND/02814/2017,UIDB/000760/2020); ","https://ieeexplore.ieee.org/stamp/stamp.jsp?arnumber=9694584","Distribution system expansion planning;integrated planning of electrical distribution system and EV charging stations;long-term stochastic planning model;renewable distributed generation","Renewable energy sources;Uncertainty;Planning;Integrated circuit modeling;Mathematical models;Investment;Electric vehicle charging","","42","","44","CCBY","27 Jan 2022","","","IEEE","IEEE Journals"
"Sustainable Deployment of EV Charging Stations in Distribution Network Supported With Hybrid Solar-DG Integrated DSTACOM","B. K. Saw; A. K. Bohre","EE-Deptartment NIT-DGP Durgapur, Durgapur, India; EE-Deptartment NIT-DGP Durgapur, Durgapur, India",IEEE Transactions on Industry Applications,"19 Aug 2025","2025","61","5","7750","7765","The rapid development of EVs and their mobilization with great acceptance in society forced the power system to expand because of the increase in demand for power during EV charging and its uncertain charging nature. The integration of solar energy has increased to meet this increased demand. Hence, due to the inappropriate integration of Solar-based Distributed Generations, the system gets unbalanced with increased losses, voltage profile imbalance, poor fault tolerance capability, and reliability issues. Also, it is impossible to fulfill the increased reactive power demand of the Distribution Network by these DGs. Therefore, in this work, to address these issues, the appropriate planning of hybrid Solar-DG Integrated DSTATCOM in a reconfigured DN with Exponential Load Model (ExpLM), including EV Charging Station load impacts, is presented considering the Sustainable Development Goals: Techno-Enviro-Economic challenges. The presented work's effectiveness is established on a modernized practical 33-bus DN using APSO, GWO-PSO, TLBO, and HBA by optimizing the TEE parameters. The considered techno parameters of the DN are Active Power Loss, Reactive Power Loss, Voltage Deviation, Level of Line Fault Current, and Service Reliability, which makes up the Multiple-Objective Fitness Problem. Similarly, the economic and enviro performance parameters are the Cost for Slack Bus Generation, Cost for Fixed Capital Recovery, Cost for Energy Lost, Cost for Energy Not Supplied, Total Cost, Cost for Solar-DG Integrated DSTATCOM, Saving Cost, Pay Back Period, and Environmental Particle Emission. By addressing the TEE challenges, the three key emerging SDGs have been addressed which are SDG 7, SDG 12, and SDG 15. Hence, the planning of SID in a reconfigured DN with ExpLM, considering EVCS load impacts by addressing the SDG concerns in a multi-objective environment, is the presented work's unique contribution and novelty.","1939-9367","","10.1109/TIA.2025.3550143","","https://ieeexplore.ieee.org/stamp/stamp.jsp?arnumber=10922180","Solar-DG integrated dstatcom (SID);EV charging stations (EVCS);distribution network tie-lines (DNtl);sustainable development goal (SDG);techno-economic and environmental challenges (TEE);APSO;GWO-PSO;TLBO and HBA","Planning;Costs;Optimization;Voltage;Resource management;Reliability;Sustainable development;Renewable energy sources;Microgrids;Power system reliability","","6","","72","IEEE","11 Mar 2025","","","IEEE","IEEE Journals"
"Hierarchical Transactive Energy Scheduling of Electric Vehicle Charging Stations in Constrained Power Distribution and Transportation Networks","L. Affolabi; M. Shahidehpour; F. Rahimi; F. Aminifar; K. Nodehi; S. Mokhtari","Department of Electrical and Computer Engineering, Illinois Institute of Technology, Chicago, IL, USA; Department of Electrical and Computer Engineering, Illinois Institute of Technology, Chicago, IL, USA; Open Access Technology International, Inc., Minneapolis, MN, USA; Open Access Technology International, Inc., Minneapolis, MN, USA; Open Access Technology International, Inc., Minneapolis, MN, USA; Open Access Technology International, Inc., Minneapolis, MN, USA",IEEE Transactions on Transportation Electrification,"20 Jun 2023","2023","9","2","3398","3409","There is a growing opportunity to explore transactive energy potentials among electric vehicle charging station (EVCS) systems as the ongoing trend is toward the deployment of more distributed energy resources, such as solar PV and energy storage units at EVCS premises. In this article, we propose a multiagent hierarchical framework for energy scheduling and trading of EVCSs considering the mobility constraints in the transportation network (TN) and the operational constraints in the power distribution network (PDN). Modeled as independent profit-driven entities, each EVCS optimally schedules its operation based on a multiperiod traffic assignment problem (TAP) solved by the traffic operator (TO) agent. A modified single-sided auction mechanism with limited shared information is used to clear the electricity market based on submitted EVCS bids and offers. The resulting trading operations are shared with the PDN operator to guarantee a reliable network operation. A trading adjustment signal is sent back to market participants (i.e., EVCSs) in the case of any PDN violations. We use a realistic three-phase unbalanced representation formulated as a mixed-integer second-order cone programming (MISOCP) problem to model the PDN operation. A four-stage solution method is proposed to solve the proposed EVCS energy scheduling and trading problem. Numerical simulations performed on a modified IEEE 33-bus test system and 12-node benchmark TN prove the effectiveness of the proposed multiagent-based hierarchical transactive market model and its solution approach for EVCSs.","2332-7782","","10.1109/TTE.2022.3219721","","https://ieeexplore.ieee.org/stamp/stamp.jsp?arnumber=9939012","Electric vehicle (EV) charging stations;multiagent modeling;power distribution network (PDN);transactive energy (TE);transportation network (TN)","Electric vehicle charging;Scheduling;Load modeling;Transactive energy;Charging stations;Power distribution networks;Multi-agent systems","","36","","26","IEEE","4 Nov 2022","","","IEEE","IEEE Journals"
"ADMM-Based Hierarchical Single-Loop Framework for EV Charging Scheduling Considering Power Flow Constraints","S. Kiani; K. Sheshyekani; H. Dagdougui","Department of Electrical Engineering, Polytechnique Montréal, Montréal, Canada; Department of Electrical Engineering, Polytechnique Montréal, Montréal, Canada; Department of Electrical Engineering, Polytechnique Montréal, Montréal, Canada",IEEE Transactions on Transportation Electrification,"18 Mar 2024","2024","10","1","1089","1100","This article presents a three-layer hierarchical distributed framework for optimal electric vehicle charging scheduling (EVCS). The proposed hierarchical EVCS structure includes a distribution system operator (DSO) at the top layer, electric vehicle aggregators (EVAs) at the middle layer, and electric vehicles (EVs) charging stations at the bottom layer. A single-loop iterative algorithm is developed to solve the EVCS problem by combining the alternating direction method of multipliers (ADMM) and the distribution line power flow model (DistFlow). Using the single-loop structure, the primal variables of all agents are updated simultaneously at every iteration resulting in a reduced number of iterations and faster convergence. The developed framework is employed to provide charging cost minimization at the EV charging stations level, peak load shaving at the EVAs level, and voltage regulation at the DSO level. In order to further improve the performance of the optimization framework, a neural network-based load forecasting model is implemented to include the uncertainties related to non-EV residential load demand. The efficiency and the optimality of the proposed EVCS framework are evaluated through numerical simulations, conducted for a modified IEEE 13 bus test feeder with different EV penetration levels.","2332-7782","","10.1109/TTE.2023.3269050","","https://ieeexplore.ieee.org/stamp/stamp.jsp?arnumber=10107654","Alternating direction method of multipliers (ADMM);artificial neural network (ANN);electric vehicle charging scheduling (EVCS);hierarchical distributed optimization;load forecasting;vehicle-to-grid (V2G)","Optimization;Load modeling;Linear programming;Electric vehicle charging;Costs;Iterative methods;Convex functions","","29","","40","IEEE","24 Apr 2023","","","IEEE","IEEE Journals"
"Online Distributed MPC-Based Optimal Scheduling for EV Charging Stations in Distribution Systems","Y. Zheng; Y. Song; D. J. Hill; K. Meng","Department of Electrical and Electronic Engineering, The University of Hong Kong, Hong Kong; Department of Electrical and Electronic Engineering, The University of Hong Kong, Hong Kong; School of Electrical and Information Engineering, The University of Sydney, Sydney, N.S.W, Australia; School of Electrical Engineering and Telecommunications, University of New South Wales, Sydney, N.S.W, Australia",IEEE Transactions on Industrial Informatics,"4 Feb 2019","2019","15","2","638","649","The increasing popularity of electric vehicles (EVs) has made electric transportation a popular research topic. The demand for EV charging resources has significantly reshaped the net demand profile of power distribution systems. This paper proposes an online optimal charging strategy for multiple EV charging stations in distribution systems with power flow and bus voltage constraints satisfied. First, we formulate the online optimal charging problem as an optimal power flow problem that minimizes the total system energy cost based on short-term predictive models and operates in a time-receding manner with the latest system information. Then, the problem is convexified by a modified convex relaxation technique based on the bus injection model, so that the globally optimal solution can be obtained with high efficiency. Moreover, a distributed model predictive control based scheme is designed to solve the optimization problem per concerns regarding data privacy, individual economic interests, and EV uncertainties. The obtained optimal schedules are dispatched to the EVs parked at each charging station according to a fuzzy rule, which guarantees full charging at the departure time for each vehicle. The effectiveness of the proposed method is demonstrated via simulations on a modified IEEE 15-bus distribution system with charging stations located in both residential and commercial areas.","1941-0050","","10.1109/TII.2018.2812755","Hong Kong RGC Theme Based Research Scheme(grant numbers:T23-407/13N,T23-701/14N); National Natural Science Foundation of China(grant numbers:51277016,71401017); South China Grid Project Grant of Energy Internet; ","https://ieeexplore.ieee.org/stamp/stamp.jsp?arnumber=8307186","Convex relaxation;distributed model predictive control (MPC);distribution network;electric vehicles (EVs);optimal charging dispatch","Electric vehicle charging;Charging stations;Uncertainty;Optimal scheduling;Load flow;Real-time systems","","194","","43","IEEE","6 Mar 2018","","","IEEE","IEEE Journals"
"Optimal Placement of Electric Vehicle Charging Stations in a Distribution Network With Randomly Distributed Rooftop Photovoltaic Systems","W. S. Tounsi Fokui; M. J. Saulo; L. Ngoo","Department of Electrical Engineering, Technology and Innovation, Pan African University Institute for Basic Sciences, Nairobi, Kenya; Department of Electrical and Electronic Engineering, Technical University of Mombasa, Mombasa, Kenya; Department of Electrical and Communications Engineering, Multimedia University of Kenya, Nairobi, Kenya",IEEE Access,"1 Oct 2021","2021","9","","132397","132411","The increasing number of electric vehicles (EVs) in today’s transport sector is gradually leading to the phasing out of petroleum-based vehicles. However, the rapid deployment of EVs largely depends on the coordinated and fast expansion of EV charging stations (EVCSs). The integration of EVCSs in the modern distribution network characterized by increased penetration of randomly distributed photovoltaic (PV) systems is challenging as they can lead to excessive power losses and voltage deviations beyond acceptable limits. In this paper, a hybrid bacterial foraging optimization algorithm and particle swarm optimization (BFOA-PSO) technique is proposed for the optimal placement of EVCSs into the distribution network with high penetration of randomly distributed rooftop PV systems. The optimization problem is formulated as a multi-objective problem minimizing active and reactive power losses, average voltage deviation index, and maximizing voltage stability index. The IEEE 69 node distribution network is used as the case network. The simulation is done using MATLAB to integrate the EVCSs in five cases of randomly sized and placed PV systems in the distribution network. For all five cases, a minimal increase in power losses is recorded with minor changes in the voltage deviation and stability indices due to the placement of the EVCSs. But for the voltages of nodes 29 to 48, the other node voltages remain unchanged upon placement of the EVCSs. The largest increase in power losses due to the EVCSs being brought into the network with PVs was noticed in case 3 (from 142.27kW, and 62.90kVar to 147.65kW, and 72.48kVar).","2169-3536","","10.1109/ACCESS.2021.3112847","","https://ieeexplore.ieee.org/stamp/stamp.jsp?arnumber=9537756","Electric vehicle;charging station;photovoltaic;hybrid BFOA-PSO;optimal placement","Distribution networks;Voltage;Power system stability;Optimization;Indexes;Stability criteria;Power demand","","69","","40","CCBY","14 Sep 2021","","","IEEE","IEEE Journals"
"AI-Based Approach for Optimal Placement of EVCS and DG With Reliability Analysis","M. Bilal; M. Rizwan; I. Alsaidan; F. M. Almasoudi","Department of Electrical Engineering, Delhi Technological University, Delhi, India; Department of Electrical Engineering, Delhi Technological University, Delhi, India; Department of Electrical Engineering, College of Engineering, Qassim University, Buraydah, Qassim, Saudi Arabia; Department of Electrical Engineering, Faculty of Engineering, University of Tabuk, Tabuk, Saudi Arabia",IEEE Access,"23 Nov 2021","2021","9","","154204","154224","It is expected that future transport will rely on electric vehicles (EVs) due to their sustainability and reduced greenhouse gas emissions. However, the rapid increase in electric load penetration causes several other concerns, including a generation-demand mismatch, increased network active power loss, a degradation in voltage profile, and decreased voltage stability margin. To overcome the issues mentioned earlier, proper integration of electric vehicle charging stations (EVCS) at appropriate locations is essential. The connection of an EVCS to the electricity grid will bring new challenges. Distributed generation (DG) sources are incorporated with EVCS to lessen the impact of EV charging load. In this study, charging stations are combined with DG units, which increases the motivation to use EVs. This study proposes an artificial intelligence (AI) approach, the hybrid of grey wolf optimization and particle swarm optimization, i.e., HGWOPSO, to investigate the suitable nodes for EVCS and DGs in a balanced distribution system. The proposed methodology is verified on the IEEE-33 bus and IEEE-69 bus systems. According to the findings, the obtained results are consistent as compared to other existing techniques. These findings are taken into consideration to analyze the reliability of electrical distribution networks. It is stated that using adequate reliability data of appropriately integrated DG and EVs increases the electrical system’s reliability.","2169-3536","","10.1109/ACCESS.2021.3125135","Chair of Prince Faisal for Artificial intelligence research (CPFAI) for funding this research work through(grant numbers:QU-CPFAI-2-9-5); Deputyship for Research & Innovation, Ministry of Education and the Deanship of Scientific Research, Qassim University for their support for this research; ","https://ieeexplore.ieee.org/stamp/stamp.jsp?arnumber=9599691","Artificial intelligence;electric vehicle;charging stations;radial distribution system;distributed generators;reliability","Reliability;Power system reliability;Distribution networks;Optimization;Resource management;Electric vehicle charging;Voltage","","125","","58","CCBY","2 Nov 2021","","","IEEE","IEEE Journals"
"Interdependence between transportation system and power distribution system: a comprehensive review on models and applications","W. Wei; D. WU; Q. WU; M. Shafie-Khah; J. P. S. Catalão","Department of Electrical Engineering, State Key Laboratory of Power System, Tsinghua University, Beijing, China; Department of Electrical Engineering, State Key Laboratory of Power System, Tsinghua University, Beijing, China; Department of Electrical Engineering, Technical University of Denmark, Copenhagen, Denmark; Institute for Systems and Computer Engineering, Technology and Science (INESC TEC), Porto, Portugal; Faculty of Engineering, University of Porto, Porto, Portugal",Journal of Modern Power Systems and Clean Energy,"4 Feb 2020","2019","7","3","433","448","The rapidly increasing penetration of electric vehicles in modern metropolises has been witnessed during the past decade, inspired by financial subsidies as well as public awareness of climate change and environment protection. Integrating charging facilities, especially high-power chargers in fast charging stations, into power distribution systems remarkably alters the traditional load flow pattern, and thus imposes great challenges on the operation of distribution network in which controllable resources are rare. On the other hand, provided with appropriate incentives, the energy storage capability of electric vehicle offers a unique opportunity to facilitate the integration of distributed wind and solar power generation into power distribution system. The above trends call for thorough investigation and research on the interdependence between transportation system and power distribution system. This paper conducts a comprehensive survey on this line of research. The basic models of transportation system and power distribution system are introduced, especially the user equilibrium model, which describes the vehicular flow on each road segment and is not familiar to the readers in power system community. The modelling of interdependence across the two systems is highlighted. Taking into account such interdependence, applications ranging from long-term planning to short-term operation are reviewed with emphasis on comparing the description of traffic-power interdependence. Finally, an outlook of prospective directions and key technologies in future research is summarized.","2196-5420","","10.1007/s40565-019-0516-7","","https://ieeexplore.ieee.org/stamp/stamp.jsp?arnumber=8982274","Charging stations;Electric vehicles;Interdependence;Power flow;Power distribution network;Transportation network;User equilibrium","Charging stations;Roads;Power distribution;Electric vehicles;Generators;Climate change","","65","","117","","4 Feb 2020","","","SGEPRI","SGEPRI Journals"
"Multi-Objective Approach for Optimal Sizing and Placement of EVCS in Distribution Networks With Distributed Rooftop PV in Metropolitan City","S. D. Nugraha; M. Ashari; D. C. Riawan","Department of Electrical Engineering, Institut Teknologi Sepuluh Nopember, Surabaya, Indonesia; Department of Electrical Engineering, Institut Teknologi Sepuluh Nopember, Surabaya, Indonesia; Department of Electrical Engineering, Institut Teknologi Sepuluh Nopember, Surabaya, Indonesia",IEEE Access,"7 Mar 2025","2025","13","","40883","40898","The optimal sizing and location of electric vehicle charging station (EVCS) integrated with distributed generation (DG) in the distribution network are the subject of this study. In modern electric power systems, the integration of EVCS and DG must be carefully planned. Inappropriate sizing and location of EVCS can cause network overload, increase power losses, and allow for voltage variations outside the standard. This study adopts a reference distribution network that is representative of a typical business distribution network in a metropolitan city in Indonesia. To resolve the issue of determining the size and location of EVCS, the hybrid genetic algorithm-modified salp swarm algorithm (HGAMSSA) optimization method with multi-objective function is implemented. There are three scenarios used when determining the size and placement of EVCS. In the first scenario, the EVCS comprises chargers at levels 1, 2, and 3, with DG integration. In the second scenario, EVCS is comprised of level 2 and level 3, with DG integration. While in the third scenario, EVCS only consists of level 3 chargers with DG integration. The simulation results indicate that network utilization can be optimized at 79.00%, 75.53%, and 76.37% when electric cars (EV) operate in grid to vehicle (G2V) mode, compared to a base load of 29.46%. In vehicle to grid (V2G) mode, the energy supplied by the electric vehicle (EV) via the EVCS is 0.91 MWh. Additionally, the distribution network receives 10.036 MWh of electricity from rooftop photovoltaic (PV).","2169-3536","","10.1109/ACCESS.2025.3547327","Government of Indonesia, the Higher Education Financing and Assessment Center (PPAPT) Indonesia, the Endowment Fund for Education Agency (LPDP) Indonesia, and the Indonesian Education Scholarship (BPI)(grant numbers:202209092693); ","https://ieeexplore.ieee.org/stamp/stamp.jsp?arnumber=10909069","EVCS;EV;DG;hybrid genetic algorithm-modified salp swarm algorithm (HGAMSSA);multi-objective optimization;optimal sizing;optimal placement","Distribution networks;Optimization;Vehicle-to-grid;Voltage;Linear programming;Photovoltaic systems;Optimization methods;Power system stability;Costs;Urban areas","","6","","36","CCBY","3 Mar 2025","","","IEEE","IEEE Journals"
"Planning of EV Charging Station With Distribution Network Expansion Considering Traffic Congestion and Uncertainties","A. Pal; A. Bhattacharya; A. K. Chakraborty","Electrical and Electronics Engineering, Silicon Institute of Technology, Bhubaneswar, Odisha, India; Electrical Engineering, National Institute of Technology Durgapur, Durgapur, West Bengal, India; Electrical Engineering, National Institute of Technology Agartala, Agartala, Tripura, India",IEEE Transactions on Industry Applications,"19 May 2023","2023","59","3","3810","3825","Proper planning for electric vehicle (EV) charging stations along with the required expansion of the distribution network is essential for the continuous growth of EV and conventional loads. This paper proposes a realistic and sustainable solution for deciding the location and capacity of the EV fast-charging stations along with the optimal multistage expansion of the distribution network to cope with future load growth. An overlaid traffic network with a distribution network is taken for the realistic approach. EV user convenience factor and user happiness factor are proposed along with the distribution network energy loss for better planning of fast-charging stations. To get charged, the appropriate fast-charging station and its best route are decided through minimum energy consumption by the EVs, considering traffic congestion and distances. Up-gradation of lines, up-gradation of the substation, addition of new fast-charging station, allocation of DSTATCOM and allocation of renewable-based distributed generation are performed for distribution network expansion planning. The whole work is formulated in three layers with a sub-layer. Uncertainties of EV driving patterns, energy requirement, traffic congestion, load and renewable generation are undertaken by the 2m point estimation method. The solution is carried out along with validation using different metaheuristic methods and integer linear programming.","1939-9367","","10.1109/TIA.2023.3237650","","https://ieeexplore.ieee.org/stamp/stamp.jsp?arnumber=10018877","Distribution network;electric vehicle charging station;expansion planning;optimal allocation;uncertainty","Planning;Electric vehicle charging;Costs;Resource management;Indexes;Voltage;Distribution networks","","70","","43","IEEE","17 Jan 2023","","","IEEE","IEEE Journals"
"Impact of EV Charging, Charging Speed, and Strategy on the Distribution Grid: A Case Study","G. A. Abiassaf; A. A. Arkadan","Department of Electrical Engineering, Colorado School of Mines, Golden, CO, USA; Department of Electrical Engineering, Colorado School of Mines, Golden, CO, USA",IEEE Journal of Emerging and Selected Topics in Industrial Electronics,"17 Apr 2024","2024","5","2","531","542","This work presents a methodology to assess the electricity demand due to the electrification of the transportation sector and its impact on the grid in a given geographic area. In addition, it presents the results of a case study within a geographic area up to the year 2050 and investigates ways to mitigate power quality issues due to the integration of light-duty passengers into heavy-duty electrical vehicles (EVs) within the electric grid. This study also investigates the impact of electrical vehicle, charging speed, and preferences on the utility and its distribution network by conducting a sensitivity analysis on the driver's charging preferences at work and at home, and how does it affect the load profile of a distribution grid. The voltage impact on the distribution grid nodes and line capacity limits are evaluated. This work will also investigate ways to mitigate power quality issues using renewable energy and distributed generation resources, while at the same time, finding the optimum EV charging speed and strategy to achieve an overall power system-level optimization of the distribution network.","2687-9743","","10.1109/JESTIE.2024.3352505","","https://ieeexplore.ieee.org/stamp/stamp.jsp?arnumber=10387566","Electrical vehicles (EVs);EV adoption rates;impact of EV fast charging systems on utility and distribution grids;power flow studies;power mitigation techniques;power quality","Electric vehicle charging;Transportation;Distribution networks;Charging stations;Automobiles;Renewable energy sources;Power quality","","26","","31","IEEE","10 Jan 2024","","","IEEE","IEEE Journals"
"Real-Time Energy Management System for an Active Distribution Network With Multiple EV Charging Stations Considering Transformer's Aging and Reactive Power Dispatch","R. M. Raghuveer; B. R. Bhalja; P. Agarwal","Department of Electrical Engineering, Indian Institute of Technology Roorkee, Roorkee, India; Department of Electrical Engineering, Indian Institute of Technology Roorkee, Roorkee, India; Department of Electrical Engineering, Indian Institute of Technology Roorkee, Roorkee, India",IEEE Transactions on Industry Applications,"19 Aug 2025","2025","61","5","7723","7735","This study presents a real-time energy management approach for multiple electric vehicle charging stations (EVCSs), which are integrated with photovoltaic (PV) systems, wind turbines (WTs), and battery energy storages (BESs) in an active distribution network (ADN). The proposed optimization framework is developed as a mixed-integer second order cone programming problem that aims to minimize the operating cost while minimizing the accelerated aging of substation transformer and meeting the electric vehicle (EV) users driving needs. Additionally, it also fulfills power flow and voltage constraints of ADN ensuring global optimum which is achieved by scheduling both active and reactive powers of EVs and BESs, respectively. Furthermore, to address the real-time uncertainties associated with EVs, the developed algorithm is operated using dynamic prediction horizon based model predictive control technique. The proposed algorithm is applied on a modified IEEE-33 bus radial ADN, and its effectiveness is validated through a practical case study integrating both residential and workplace EVCSs. Additionally, the scalability of the proposed method is tested using a modified IEEE 118-bus distribution network. The results indicate substantial cost savings, significant reduction in the peak demand of the substation transformer along with its reduced loss-of-life, decreased energy loss while improving the voltage profile and better fulfillment of the EV driving requirements when compared to conventional EV charging methods.","1939-9367","","10.1109/TIA.2025.3552367","","https://ieeexplore.ieee.org/stamp/stamp.jsp?arnumber=10930780","Active distribution network;electric vehicles;energy management system;loss-of-life;model predictive control;photovoltaic generation;wind generation","Substations;Reactive power;Costs;Power transformer insulation;Real-time systems;Transformers;Heuristic algorithms;Dynamic scheduling;Electric vehicle charging;Voltage","","2","","34","IEEE","18 Mar 2025","","","IEEE","IEEE Journals"
"EV Charging Station Placement Considering V2G and Human Factors in Multi-Energy Systems","C. Li; D. Carta; A. Benigni","Institute of Climate and Energy Systems, Energy Systems Engineering (ICE-1), Forschungszentrum Jülich, Jülich, Germany; Institute of Climate and Energy Systems, Energy Systems Engineering (ICE-1), Forschungszentrum Jülich, Jülich, Germany; Institute of Climate and Energy Systems, Energy Systems Engineering (ICE-1), Forschungszentrum Jülich, Jülich, Germany",IEEE Transactions on Smart Grid,"6 Jan 2025","2025","16","1","529","540","This paper proposes a new planning framework to determine the optimal location, capacity, and types of EV charging stations (EVCSs) in multi-energy systems (MESs). We propose a two-stage stochastic programming approach -with scenario-based algorithms- that explicitly considers vehicle-to-grid (V2G) peculiarities (four-quadrant operation and stochastic human factors influence: V2G willingness, walking distance, and charging patterns). Considering those factors together with MES uncertainties -RES generation, load demands, and electricity price- enables a comprehensive study of V2G and MES impact on EVCS planning. The proposed approach is applied to both a purely electric distribution network (EDN) and an MES to analyze the interplay of EVCSs in different energy domains, in consideration of different V2G contracts. The obtained results underline that the sole consideration of the EDN can lead to non-optimal results, while the more comprehensive analysis leads to optimal planning of all energy resources and cost savings. Finally, we analyse how each considered factor individually impacts EVCSs planning.","1949-3061","","10.1109/TSG.2024.3424530","German Federal Ministry of Education and Research(grant numbers:03SF0628); ","https://ieeexplore.ieee.org/stamp/stamp.jsp?arnumber=10587210","Charging stations;distribution network;electric vehicles;multi-energy systems;vehicle-to-grid","Vehicle-to-grid;Costs;Human factors;Reactive power;Planning;Batteries;Heat pumps","","11","","37","IEEE","5 Jul 2024","","","IEEE","IEEE Journals"
"Deep Reinforcement Learning Based Charging Scheduling for Household Electric Vehicles in Active Distribution Network","T. Qi; C. Ye; Y. Zhao; L. Li; Y. Ding","College of Electrical Engineering, Zhejiang University, Hangzhou, China; College of Electrical Engineering, Zhejiang University, Hangzhou, China; Shenzhen Power Supply Bureau Co., Ltd., Shenzhen, China; College of Electrical Engineering, Zhejiang University, Hangzhou, China; College of Electrical Engineering, Zhejiang University, Hangzhou, China",Journal of Modern Power Systems and Clean Energy,"22 Nov 2023","2023","11","6","1890","1901","With the booming of electric vehicles (EVs) across the world, their increasing charging demands pose challenges to urban distribution networks. Particularly, due to the further implementation of time-of-use prices, the charging behaviors of household EVs are concentrated on low-cost periods, thus generating new load peaks and affecting the secure operation of the medium- and low-voltage grids. This problem is particularly acute in many old communities with relatively poor electricity infrastructure. In this paper, a novel two-stage charging scheduling scheme based on deep reinforcement learning is proposed to improve the power quality and achieve optimal charging scheduling of household EVs simultaneously in active distribution network (ADN) during valley period. In the first stage, the optimal charging profiles of charging stations are determined by solving the optimal power flow with the objective of eliminating peak-valley load differences. In the second stage, an intelligent agent based on proximal policy optimization algorithm is developed to dispatch the household EVs sequentially within the low-cost period considering their discrete nature of arrival. Through powerful approximation of neural network, the challenge of imperfect knowledge is tackled effectively during the charging scheduling process. Finally, numerical results demonstrate that the proposed scheme exhibits great improvement in relieving peak-valley differences as well as improving voltage quality in the ADN.","2196-5420","","10.35833/MPCE.2022.000456","National Key R&D Program of China(grant numbers:2021ZD0112700); ","https://ieeexplore.ieee.org/stamp/stamp.jsp?arnumber=10053681","Household electric vehicles;deep reinforcement learning;proximal policy optimization;charging scheduling;active distribution network;time-of-use prices","Scheduling;Costs;Regulation;Optimization;Deep learning;Reinforcement learning;Power quality","","7","","32","","24 Feb 2023","","","SGEPRI","SGEPRI Journals"
"Joint Planning of Distributed PV Stations and EV Charging Stations in the Distribution Systems Based on Chance-Constrained Programming","X. Zhang; Y. Xu; S. Lu; C. Lu; Y. Guo","College of Electrical Engineering, Nantong University, Nantong, China; College of Electrical Engineering, Nantong University, Nantong, China; College of Electrical Engineering, Nantong University, Nantong, China; College of Electrical Engineering, Nantong University, Nantong, China; College of Electrical Engineering, Nantong University, Nantong, China",IEEE Access,"12 Jan 2021","2021","9","","6756","6768","Simultaneous deployment of the electric vehicle charging stations (EVCSs) and distributed photovoltaic stations (DPVSs) in the distribution systems is an effective way to reduce greenhouse gas emissions, promote renewable power adoption, and achieve sustainable development in energy utilization. In this context, how to deploy the EVCSs and DPVSs in the distribution systems with a reasonable scheme is of great importance. In this article, a joint planning model is developed to optimize locations and capacities of the EVCSs and DPVSs simultaneously to reduce energy losses in the distribution systems. In the joint planning model, constraints on bus voltage deviations and line currents are both formulated as chance constraints to ensure that the distribution systems are in reasonable operating statues. To quantify these two chance constraints, a scenario-based method is developed to calculate the probabilistic power flow of the distribution systems during a typical planning day, in which random characters of the DPVS generations and the EVCS charging loads are both considered. The joint planning model of the EVCSs and DPVSs developed in this article is difficult to be solved by mathematical optimization methods. Therefore, genetic algorithm (GA) is customized and utilized to solve the joint planning model of the EVCSs and DPVSs. Finally, a case study based on IEEE 33-bus distribution systems validates the joint planning model and its solving algorithm.","2169-3536","","10.1109/ACCESS.2021.3049568","National Natural Science Foundation of China(grant numbers:61673226,51877112); Natural Science Foundation of the Jiangsu Higher Education Institutions of China(grant numbers:17KJA470006,18KJA470003,20KJD470004); Nantong Basic Science Research Program(grant numbers:JC2019125,JC2019127); ","https://ieeexplore.ieee.org/stamp/stamp.jsp?arnumber=9316189","Electric vehicle charging station;distributed photovoltaic station;joint planning;genetic algorithm;chance constraints","Planning;Load modeling;Optimization;Probabilistic logic;Load flow;Mathematical model;State of charge","","25","","32","CCBY","6 Jan 2021","","","IEEE","IEEE Journals"
"Optimal of Siting and Pricing for Multi-Type Charging Facility Considering Electric Vehicle and Grid Bidirectional Power Transfer","S. Zheng; Y. Liu; K. Fu; H. Xiao; X. Lin","School of Transportation and Logistics, Southwest Jiaotong University, Chengdu, China; School of Transportation and Logistics, Southwest Jiaotong University, Chengdu, China; School of Transportation and Logistics, Southwest Jiaotong University, Chengdu, China; School of Transportation and Logistics, Southwest Jiaotong University, Chengdu, China; School of Transportation and Logistics, Southwest Jiaotong University, Chengdu, China",IEEE Transactions on Intelligent Transportation Systems,"29 Oct 2025","2025","26","10","17371","17385","With the popularity of electric vehicles (EVs) and the gradual maturity of the technology of bidirectional power transfer between EVs and the grid, EVs as a mobile energy storage device to achieve peak shaving and valley filling of the grid has become a hot point. Hence, we are committed to exploring the use of EVs to achieve spatial and temporal energy supply redistribution via V2G and G2V. We propose a multi-type bidirectional power transfer network and minimize the system cost by determining facility siting and pricing, which can be modeled as a bi-level optimization problem. In lower-level, a transportation and power coupled network is constructed considering the bidirectional interaction between EVs and the grid. We propose a new user equilibrium to explain the equilibrium state under bidirectional interaction, construct the optimal power flow model under the equilibrium state, use variational inequality to solve the minimum travel cost, and obtain the locational marginal price by solving the Lagrange duality variable of the active power. In upper-level, we propose the government’s construction of multi-type charging facilities siting planning to minimize transportation system cost and facilities operation costs. For experimental analysis, we consider various interactive scenarios of EVs and the grid and use three comparative models to verify the effectiveness of the proposed model. Results show that considering coupled network will effectively reduce the grid load and system cost. Notably, to provide more useful inspiration, we also have made a sensitivity analysis on the change of bidirectional transfer power and service price.","1558-0016","","10.1109/TITS.2024.3460798","National Natural Science Foundation of China(grant numbers:72474184); Sichuan Science and Technology Innovation Seedling Project(grant numbers:MZGC20230104); ","https://ieeexplore.ieee.org/stamp/stamp.jsp?arnumber=10937114","Electric vehicle;static and wireless charging facility;transportation and power coupled network;bidirectional power transfer;bi-level programming","Costs;Inductive charging;Transportation;Vehicle-to-grid;Pricing;Batteries;Electricity;Charging stations;Power grids;Electric vehicle charging","","","","45","IEEE","21 Mar 2025","","","IEEE","IEEE Journals"
"A Customized Voltage Control Strategy for Electric Vehicles in Distribution Networks With Reinforcement Learning Method","X. Sun; J. Qiu","School of Electrical and Information Engineering, The University of Sydney, Sydney, NSW, Australia; School of Electrical and Information Engineering, The University of Sydney, Sydney, NSW, Australia",IEEE Transactions on Industrial Informatics,"12 Jul 2021","2021","17","10","6852","6863","The increasing electric vehicles (EVs) at charging stations will impose great challenges on the conventional voltage control in distribution networks. In this article, a two-stage voltage control strategy based on deep reinforcement learning is proposed to mitigate voltage violations caused by the uncertainty of EVs and load. In the first stage, the charging demand of EVs is predicted based on trip chain theory and simulated by Monte Carlo simulation. The optimal power flow is then performed to determine the day-ahead dispatch of on-load tap changer and capacitor banks. In the second stage, the real-time voltage control problem is formulated as a Markov Game considering both reactive power control and vehicle to grid modes of EVs. The problem is solved by the deep deterministic policy gradient algorithm to develop a well-trained control strategy that can be implemented online. Moreover, a novel customized charging criterion is proposed to conduct the charging behavior of EVs and guarantee full charging at the departure time. The proposed approach is tested on the IEEE 33-bus and 123-bus distribution systems and comparative simulation results show the effectiveness in addressing voltage problems.","1941-0050","","10.1109/TII.2021.3050039","ARC Research Hub(grant numbers:IH180100020); ARC Training Centre(grant numbers:IC200100023); Sir William Tyree Foundation-Distributed Power Generation Research Fund; National Natural Science Foundation of China(grant numbers:91746118); Shenzhen Municipal Science and Technology Innovation Committee(grant numbers:ZDSYS20170725140921348,JCYJ20170410172224515,JCYJ20160510153103492); NARI Technology research grant; Comprehensive Energy System Simulation and Assessment Key Technology Research; ","https://ieeexplore.ieee.org/stamp/stamp.jsp?arnumber=9316978","Customized charging criterion;deep deterministic policy gradient (DDPG);deep reinforcement learning (DRL);electric vehicles (EVs);voltage control","Voltage control;Vehicle-to-grid;Reactive power;Real-time systems;Optimization;Distribution networks;Reinforcement learning","","88","","35","IEEE","8 Jan 2021","","","IEEE","IEEE Journals"
"Optimal Planning of Single-Port and Multi-Port Charging Stations for Electric Vehicles in Medium Voltage Distribution Networks","B. Mukherjee; F. Sossan","Centre for Processes, Renewable Energies and Energy Systems of MINES ParisTech, PSL University, Paris, France; Centre for Processes, Renewable Energies and Energy Systems of MINES ParisTech, PSL University, Paris, France",IEEE Transactions on Smart Grid,"20 Feb 2023","2023","14","2","1135","1147","This paper describes a method to cost-optimally locate and size chargers for electric vehicles (EVs) in power distribution grids as a function of the driving demand while respecting the grid’s constraints. The problem accounts for the notion of single-port chargers (SPCs), where a charger can interface one EV maximum, and multi-port chargers (MPCs), where the same charger can interface multiple EVs, leading to possible cost savings and improved arbitrage of the charging power. The formulation is capable of accounting for and modeling the flexibility of EV owners’ in plugging and unplugging their EVs from and to chargers at different hours of the day, a factor that can impact chargers’ utilization and thus charging infrastructure requirements. Simulation results from a synthetic case study show that implementing MPCs is cost-beneficial over both SPCs and owners’ flexibility for EVs with small batteries (16 kWh). However, this cost benefit vanishes when considering EVs with larger batteries (60 kWh).","1949-3061","","10.1109/TSG.2022.3204150","ERA-Net Smart Energy Systems’ Focus Initiative Integrated, Regional Energy Systems and European Union’s Horizon 2020 Research and Innovation Programme(grant numbers:775970); ","https://ieeexplore.ieee.org/stamp/stamp.jsp?arnumber=9877870","EVs;charging stations;distribution networks;optimal power flow;single-port chargers;multi-port chargers","Planning;Batteries;Costs;Plugs;Electric vehicle charging;Charging stations;Investment","","18","","39","IEEE","5 Sep 2022","","","IEEE","IEEE Journals"
"Optimal Pricing of Public Electric Vehicle Charging Stations Considering Operations of Coupled Transportation and Power Systems","Y. Cui; Z. Hu; X. Duan","Department of Electrical Engineering, Tsinghua University, Beijing, China; Department of Electrical Engineering, Tsinghua University, Beijing, China; Department of Electrical Engineering, Tsinghua University, Beijing, China",IEEE Transactions on Smart Grid,"18 Jun 2021","2021","12","4","3278","3288","Recognized as an efficient approach to reduce fossil fuel consumption and alleviate environment crisis, the adoption of electric vehicles (EVs) in urban transportation system is receiving more and more attention. EVs will tightly couple the operations of urban transportation network (UTN) and power distribution network (PDN), necessitating the interdependent traffic-power modeling to optimize the on-road EV charging decisions. In this article, the optimal charging pricing problem of public electric vehicle charging stations (EVCSs) considering the interdependent operations of UTN and PDN is modeled from the view of the charging network operator (CNO), which is formulated as a bi-level optimization problem. In order to match the spatial size of UTN and power capacity of PDN, multiple PDNs are incorporated in the modeling to support EVCSs at different parts of UTN, permitting charging load migration across PDNs. Fixed point theory is used to analyze properties of the CNO's optimal charging pricing problem. An iterative method is designed to obtain the optimal charging pricing result, which solves the CNO's pricing subproblem and PDN market clearing subproblem in turn. Numerical case study results validate the effectiveness of proposed models and methods, and demonstrate the impacts of the CNO pricing on the operations of UTN and PDN.","1949-3061","","10.1109/TSG.2021.3053026","National Natural Science Foundation of China(grant numbers:U1766205,51861135301); ","https://ieeexplore.ieee.org/stamp/stamp.jsp?arnumber=9330803","Interdependent modeling;bi-level optimization;electric vehicles;charging network operator;optimal pricing","Pricing;Load modeling;Biological system modeling;Electric vehicle charging;Computational modeling;Analytical models;Vehicles","","172","","39","IEEE","21 Jan 2021","","","IEEE","IEEE Journals"
"Optimal Planning of Charging Stations in Coupled Transportation and Power Networks Based on User Equilibrium Conditions","G. Ferro; R. Minciardi; L. Parodi; M. Robba","Department of Informatics, Bioengineering, Robotics and Systems Engineering (DIBRIS), University of Genoa, Genoa, Italy; Department of Informatics, Bioengineering, Robotics and Systems Engineering (DIBRIS), University of Genoa, Genoa, Italy; Department of Informatics, Bioengineering, Robotics and Systems Engineering (DIBRIS), University of Genoa, Genoa, Italy; Department of Informatics, Bioengineering, Robotics and Systems Engineering (DIBRIS), University of Genoa, Genoa, Italy",IEEE Transactions on Automation Science and Engineering,"5 Jan 2022","2022","19","1","48","59","In this article, we propose a new bi-level approach for the location and sizing of charging stations (CSs) based on the integration of power distribution and traffic networks. At the lower level, the user choices and the energy demands are modeled through the user equilibrium (UE) traffic assignment conditions that are derived for the case of electric vehicles (EVs). At the higher level, an optimization problem is formalized for the optimal planning of locations, sizes, and unit prices of a set of new charging stations in a territory, which embeds the UE conditions and the power flow model as constraints. The main novelties lie in the integration of traffic and electric networks, the optimization problem formalization, and the inclusion of detailed electrical issues [such as the complete alternating current (AC) power flow equations and the modeling of CSs with different phases]. The developed model has been applied to a case study in the Genoa Municipality. Note to Practitioners—In the past decade, particular attention has been posed on EVs and renewable resources to reduce pollutants’ emissions. Critical issues regard the setting of adequate recharging infrastructure and the integration of huge distributed and intermittent loads and production into the electrical grid. This article aims to provide a bi-level optimization model that can be used by companies or public administrations that want to install charging stations in a territory. In particular, the transportation and the electrical networks are integrated: at a lower level, the UE traffic assignment conditions are derived to represent users’ choices and to assess the energy demand. At the upper level, an optimization problem is formalized, to minimize costs of installation and power losses and to maximize benefits, which embeds as constraints the UE conditions for the case of EVs and the model of the electrical grid (load flow equations, bounds over-voltage, apparent power, etc.).","1558-3783","","10.1109/TASE.2021.3066001","DIBRIS-UNIGE on institutional funding SEED 2019; ","https://ieeexplore.ieee.org/stamp/stamp.jsp?arnumber=9387405","Charging stations (CSs);electric vehicles (EVs);optimization;smart grids;traffic control;transportation","Cascading style sheets;Optimization;Planning;Charging stations;Mathematical model;Vehicles;Reactive power","","36","","30","IEEE","26 Mar 2021","","","IEEE","IEEE Journals"
"Fair and Scalable Electric Vehicle Charging Under Electrical Grid Constraints","G. Tsaousoglou; J. S. Giraldo; P. Pinson; N. G. Paterakis","Department of Applied Mathematics and Computer Science, Technical University of Denmark, Kongens Lyngby, Denmark; Netherlands Organisation for Applied Scientific Research (TNO), Amsterdam, The Netherlands; Dyson School of Design Engineering, Imperial College London, London, U.K; Department of Electrical Engineering, Eindhoven University of Technology, Eindhoven, The Netherlands",IEEE Transactions on Intelligent Transportation Systems,"1 Dec 2023","2023","24","12","15169","15177","The increasing penetration of electric vehicles brings a consequent increase in charging facilities in the low-voltage electricity network. Serving all charging requests on-demand can endanger the safety of the electrical power distribution network. This creates the issue of fairly allocating the charging energy among electric vehicles while maintaining the system within safe operational margins. However, calculating efficient charging schedules for the charging stations bears a high computational burden due to the non-convexities of charging stations’ models. In this paper, we consider a tri-level system with electric vehicles, charging stations, and a power distribution system operator. The objective of each station is formulated as a max-min fairness, mixed-integer linear optimization problem, while the network constraints are modeled using a second-order conic formulation. In order to tackle the computational complexity of the problem, we decompose it and use a novel approximation method tailored to this problem. We compare the performance of the proposed method with that of the popular alternating direction method of multipliers. Our simulation results indicate that the proposed method achieves a near-optimal solution along with promising scalability properties.","1558-0016","","10.1109/TITS.2023.3311509","European Commission through the H2020 Project ebalance+(grant numbers:864283); ","https://ieeexplore.ieee.org/stamp/stamp.jsp?arnumber=10251779","Electric vehicles;fairness;power distribution system;distributed optimization","Task analysis;Charging stations;Electric vehicle charging;Optimization;Scalability;Power demand;Convex functions","","15","","32","IEEE","14 Sep 2023","","","IEEE","IEEE Journals"
"Coordinated Planning of EV Charging Stations and Mobile Energy Storage Vehicles in Highways With Traffic Flow Modeling","Y. Zhang; Z. Yin; H. Xiao; F. Luo","State Key Laboratory of Disaster Prevention and Reduction for Power Grid, School of Electrical and Information Engineering, Changsha University of Science and Technology, Changsha, China; State Key Laboratory of Disaster Prevention and Reduction for Power Grid, School of Electrical and Information Engineering, Changsha University of Science and Technology, Changsha, China; School of Information and Electrical Engineering, Hunan University of Science and Technology, Xiangtan, China; Faculty of Engineering, The University of Sydney, Sydney, NSW, Australia",IEEE Transactions on Intelligent Transportation Systems,"27 Nov 2024","2024","25","12","21572","21584","With the rapid increasing number of on-road Electric Vehicles (EVs), properly planning the deployment of EV Charging Stations (CSs) in highway systems become an urgent problem in modern energy-transportation coupling systems. This paper proposes a hierarchical CS planning framework for highway systems by considering the integration of Mobile Energy Storage Vehicles (MESVs) and traffic flow patterns of the highway system in working days and holidays. In the upper level of the framework, an optimization model is formulated to determine the number and locations of CSs, and the configuration of MESVs. Based on these planning results, in the lower level, an operational planning model is established to optimize the charging power of the EVs in the CSs and the operation strategy of the MESVs. The outputs of the lower-level model are fed back to the upper level to update the planning result. This process iteratively proceeds until convergence. Business models are established for the MESVs in working days and holidays separately to accommodate the CSs in serving the EV charging demand of the highway and support the interaction between the CSs and the grid. Numerical simulation based on the real-world data is conducted to validate the proposed method.","1558-0016","","10.1109/TITS.2024.3472755","National Natural Science Foundation of China(grant numbers:52278003); Ministry of Education’s Industry School Cooperation Collaborative Education Project(grant numbers:220504422093632); ","https://ieeexplore.ieee.org/stamp/stamp.jsp?arnumber=10726562","Electric vehicles;EV charging station;highway;mobile energy storage vehicles;smart grid","Road transportation;Planning;State of charge;Costs;Electric vehicle charging;Maintenance;Capacity planning;Batteries;Load flow;Investment","","7","","29","IEEE","21 Oct 2024","","","IEEE","IEEE Journals"
"Online Centralized Charging Coordination of PEVs With Decentralized Var Discharging for Mitigation of Voltage Unbalance","N. Jabalameli; X. Su; A. Ghosh","Electrical and Computer Engineering Department, Curtin University, Perth, WA, Australia; Electrical Engineering Department, Shanghai University of Electric Power, Shanghai, China; Electrical and Computer Engineering Department, Curtin University, Perth, WA, Australia",IEEE Power and Energy Technology Systems Journal,"18 Sep 2019","2019","6","3","152","161","The worldwide acceptance of plug-in electric vehicles (PEVs) is expected to tremendously grow in the next few years. Uncoordinated PEV charging can cause serious grid issues such as overloading of transformers and unacceptable voltage drops. Single-phase residential charging can also initiate or contribute to voltage unbalance in distribution networks. A potential solution for the PEV integration is shifting the charging activities from peak to valley periods. Therefore, this paper firstly investigates the impacts of uncoordinated single-phase PEV charging at residential houses on three-phase distribution networks. Then, it proposes a novel PEV charging coordination strategy based on heuristic genetic algorithm (GA) to perform online centralized charging considering transformer loading and bus voltage profiles. Based on this, a decentralized PEV reactive power discharging approach is presented where the reactive power is discharged at selected nodes for further reduction of voltage unbalance. The impacts of uncoordinated PEV charging as well as the performance of the proposed centralized PEV charging and decentralized var discharging strategies are tested on a real unbalanced Western Australian distribution network under the Perth Solar City project over 24 hours.","2332-7707","","10.1109/JPETS.2019.2931396","Australian Government Research Training Program and Shanghai Pujiang Program(grant numbers:17PJ1403000); ","https://ieeexplore.ieee.org/stamp/stamp.jsp?arnumber=8784253","Centralized PEV charging;decentralized PEV var discharging;voltage unbalance and distribution network","Genetic algorithms;Reactive power;Optimization;Electric vehicle charging;Load flow;Plug-in electric vehicles","","29","","49","CCBY","1 Aug 2019","","","IEEE","IEEE Journals"
"Joint Optimization of EV Charging and Renewable Distributed Energy With Storage Systems Under Uncertainty","T. Alharbi; A. Abdalrahman; M. H. Mostafa; L. Alkhalifa","Department of Electrical Engineering, College of Engineering, Qassim University, Buraydah, Saudi Arabia; Independent Electricity System Operator, Toronto, ON, Canada; Electrical Engineering Department, Al Ryada University for Science and Technology, El Sadat City, Egypt; Department of Mathematics, College of Science, Qassim University, Buraydah, Saudi Arabia",IEEE Access,"6 May 2025","2025","13","","76838","76856","Electric Vehicles (EVs) are essential to achieving the 2030 United Nations Sustainable Development Goals by reducing emissions and improving air quality. The strategic placement of Electric Vehicle Charging Stations (EVCSs) in urban areas is critical to supporting the transition to clean transportation. However, as EV adoption increases, challenges such as rising power losses, voltage profile degradation, and voltage instability emerge within microgrids. These issues can be mitigated by integrating Energy Storage Systems (ESSs) to enhance efficiency. This study presents an integrated planning approach to optimize the allocation of EVCSs based on the spatial-temporal distribution of traffic flows. A stochastic model is also introduced to determine the optimal placement of the energy storage system, accounting for uncertainty factors such as fluctuating electrical loads and the intermittency of renewable energy sources. The energy storage system allocation model is formulated as a multi-objective optimization problem aimed at improving voltage profiles, minimizing power losses, and maximizing voltage stability. The mathematical models of EVCSs and ESSs, and an economic analysis of the microgrid is included, considering the costs associated with energy storage system integration. The proposed model’s effectiveness is validated through a case study on a benchmark transportation network, with results indicating its ability to mitigate the negative effects of EV integration on microgrids. Additionally, the study introduces a stochastic framework to simulate the inherent uncertainties in electrical loads and renewable energy sources.","2169-3536","","10.1109/ACCESS.2025.3562531","Qassim University; Deanship of Scientific Research, on the financial support for this research(grant numbers:2023-SDG-1-BSRC35732,1445 AH/ 2023 AD); ","https://ieeexplore.ieee.org/stamp/stamp.jsp?arnumber=10969781","Charging infrastructure;charging station;clean energy;electric vehicle;mathematical modeling;optimal allocation;SDG;uncertainty;smart cities","Electric vehicle charging;Voltage;Optimization;Resource management;Costs;Electric vehicles;Distribution networks;Renewable energy sources;Energy storage;Energy loss","","4","","66","CCBY","18 Apr 2025","","","IEEE","IEEE Journals"
"ALADIN-Based Coordinated Operation of Power Distribution and Traffic Networks With Electric Vehicles","G. Sun; G. Li; S. Xia; M. Shahidehpour; X. Lu; K. W. Chan","State Key Laboratory of Alternate Electrical Power System with Renewable Energy Sources, North China Electric Power University, Beijing, China; State Key Laboratory of Alternate Electrical Power System with Renewable Energy Sources, North China Electric Power University, Beijing, China; State Key Laboratory of Alternate Electrical Power System with Renewable Energy Sources, North China Electric Power University, Beijing, China; Illinois Institute of Technology, Chicago, USA; Department of Electrical Engineering, The Hong Kong Polytechnic University, Hong Kong; Department of Electrical Engineering, The Hong Kong Polytechnic University, Hong Kong",IEEE Transactions on Industry Applications,"18 Sep 2020","2020","56","5","5944","5954","Electric vehicles (EVs) are recognized as a promising remedy for the environmental crisis and fuel shortage faced by modern metropolises. But meanwhile, with the popularization of EVs, the unordered charging of EVs will have negative impacts on both the power distribution network (DN) and the traffic network (TN). The well-scheduled EV charging/discharging behaviors could participate in the coordinated operation of TN and DN to significantly enhance the energy utilization efficiency of both networks. With an assumption that an entity like state grid capable of dispatching distributed generators and adjusting the charging prices of fast charging stations, a traffic-distribution coordination (TDC) model is proposed to minimize the travel cost of TN and the energy service cost of DN, which simultaneously considers the economic operation of DN by alternating current dynamic optimal power flow and the traffic flow assignment of TN by EVs dynamic user equilibrium, respectively. And afterward, the augmented Lagrangian alternating direction inexact Newton method is adopted to solve the TDC model. Finally, the necessity of the coordinated operation of TN and DN and the effectiveness of the TDC model are validated in an integrated system of modified Nguyen-Dupius TN and IEEE 33-bus DN.","1939-9367","","10.1109/TIA.2020.2990887","Smart Grid Joint Foundation Program of National Natural Science Foundation of China; State Grid Corporation of China(grant numbers:U1966204); Natural Science Foundation(grant numbers:BK20180284); Fundamental Research Funds for the Central Universities(grant numbers:2019MS007); China National Study Foundation(grant numbers:201906735013); ","https://ieeexplore.ieee.org/stamp/stamp.jsp?arnumber=9079677","Alternating current dynamic optimal power flow;augmented Lagrangian alternating direction inexact Newton (ALADIN);dynamic user equilibrium (DUE);traffic-distribution coordination (TDC) with electric vehicles (EVs)","Load flow;Electric vehicle charging;Vehicle dynamics;Power system dynamics;Optimization","","58","","37","IEEE","27 Apr 2020","","","IEEE","IEEE Journals"
"Distributed Coordination of Charging Stations Considering Aggregate EV Power Flexibility","D. Yan; C. Ma; Y. Chen","Department of Mechanical and Automation Engineering, The Chinese University of Hong Kong, HKSAR, China; University of Michigan-Shanghai Jiao Tong University Joint Institute, Shanghai Jiao Tong University, Shanghai, China; Department of Mechanical and Automation Engineering, The Chinese University of Hong Kong, HKSAR, China",IEEE Transactions on Sustainable Energy,"20 Dec 2022","2023","14","1","356","370","In recent years, electric vehicle (EV) charging stations have witnessed rapid growth. However, effective management of charging stations is challenging due to individual EV owners' privacy concerns, competing interests of different stations, and the coupling distribution network constraints. To cope with this challenge, this paper proposes a two-stage scheme. In the first stage, the aggregate EV power flexibility region is derived by solving an optimization problem. We prove that any trajectory within the obtained region corresponds to at least one feasible EV dispatch strategy. By submitting this flexibility region instead of the detailed EV data to the charging station operator, EV owners' privacy can be preserved and the computational burden can be reduced. In the second stage, a distributed coordination mechanism with a clear physical interpretation is developed considering the AC power flow based network constraints. We prove that the proposed mechanism converges to the centralized optimum. Case studies validate the theoretical results. Comprehensive performance comparisons are carried out to demonstrate the advantages of the proposed scheme.","1949-3037","","10.1109/TSTE.2022.3213173","Chinese University of Hong Kong Direct Grant for Research(grant numbers:4055169); ","https://ieeexplore.ieee.org/stamp/stamp.jsp?arnumber=9914677","Charging station;aggregate flexibility;coordination mechanism;electric vehicle;AC power flow","Charging stations;Electric vehicle charging;Aggregates;Costs;Batteries;State of charge;Privacy","","62","","38","IEEE","10 Oct 2022","","","IEEE","IEEE Journals"
"Mitigating Voltage Problem in Distribution System With Distributed Solar Generation Using Electric Vehicles","L. Cheng; Y. Chang; R. Huang","State Key Laboratory of Power Systems, Department of Electrical Engineering, Tsinghua University, Beijing, China; State Key Laboratory of Power Systems, Department of Electrical Engineering, Tsinghua University, Beijing, China; Beijing Electric Power Company, State Grid of China, Beijing, China",IEEE Transactions on Sustainable Energy,"20 May 2017","2015","6","4","1475","1484","Distributed solar generation has the potential to reach high penetration levels in distribution systems. However, its integration reshapes distribution system power flows and causes rapid-fluctuations in system statuses. The facts challenge major voltage management approaches, nowadays, such as using online load tap changing (OLTC) transformers, voltage regulators (VRs), or shunt capacitors. In this paper, we explore the capability of using vehicle-to-grid (V2G) electric vehicles (EVs) to join distribution system voltage management, and to collaborate with OLTCs to mitigate the voltage problems caused by distribution solar generations. A two-stage control method is proposed for this purpose. The first stage controls the making of rolling schedules for EV charging and OLTC tap positions, while the second controls the EVs to resist the solar generation fluctuation to maintain voltage profiles. A case system with simultaneous overvoltage/undervoltage risks is designed to test the effectiveness of the proposed method. The results demonstrate that both the over/undervoltage risks are mitigated.","1949-3037","","10.1109/TSTE.2015.2444390","State Grid Corporation of China, National High-Technology Research and Development Program (863 Program) of China(grant numbers:2014AA051901); Chinese National Natural Science Funds(grant numbers:51177078); ","https://ieeexplore.ieee.org/stamp/stamp.jsp?arnumber=7164328","Electric vehicles (EVs);optimal power flow;positive semidefinite programming;voltage regulation;Electric vehicles (EVs);optimal power flow;positive semidefinite programming;voltage regulation","Voltage control;Charging stations;Load flow;Solar power generation;Mathematical model;Electric vehicles","","170","","17","IEEE","22 Jul 2015","","","IEEE","IEEE Journals"
"Expansion Planning of Urban Electrified Transportation Networks: A Mixed-Integer Convex Programming Approach","W. Wei; L. Wu; J. Wang; S. Mei","State Key Laboratory of Power Systems, Tsinghua University, Beijing, China; Department of Electrical and Computer Engineering, Clarkson University, Potsdam, NY, USA; Computation Institute, The University of Chicago, Chicago, IL, USA; State Key Laboratory of Power Systems, Tsinghua University, Beijing, China",IEEE Transactions on Transportation Electrification,"20 May 2017","2017","3","1","210","224","Electric vehicles (EVs) have been widely acknowledged as one effective solution to alleviate the fossil fuel shortage and environmental pressure in modern metropolises. To foster the large-scale integration of EVs, transportation electrification is becoming an emerging trend. This paper proposes a comprehensive model for the expansion planning of urban electrified transportation networks (ETNs), which determines the best investment strategies for the TN and the power distribution network (PDN) simultaneously, including the sites and sizes of new lanes, charging facilities, distribution lines, and local generators. The steady-state distribution of traffic flow in the TN is characterized by the Nesterov user equilibrium (NUE). The operating condition of the PDN is described by linearized branch power flow equations. To consider the interdependency between the TN and PDN created by the charging behavior of EVs, the power demand of on-road charging facility is assumed to be proportional to the traffic flow it carries. The expansion planning model is formulated as a mixed-integer nonlinear program with NUE constraints. In order to retrieve a global optimal solution, it is further transformed into an equivalent mixedinteger convex program through duality theory and techniques of integer algebra; no approximation error is involved. Case studies on a test ETN corroborate the proposed model and method.","2332-7782","","10.1109/TTE.2017.2651071","Foundation for Innovative Research Groups of the National Natural Science Foundation of China(grant numbers:51621065); National Natural Science Foundation of China(grant numbers:51577163); Natural Science Foundation(grant numbers:1638348); U.S. Department of Energy Office of Electricity Delivery and Energy Reliability; ","https://ieeexplore.ieee.org/stamp/stamp.jsp?arnumber=7812564","Electric vehicle (EV);electrified transportation network (ETN);expansion planning;interdependency;Nesterov user equilibrium (NUE);power distribution network (PDN)","Planning;Roads;Load flow;Charging stations;Vehicles","","101","","49","IEEE","10 Jan 2017","","","IEEE","IEEE Journals"
"Impacts of Distribution-Level Joint Scheduling of Electric Vehicle Battery Charging and Swapping Stations on Reliability Improvement","A. K. Aktar; A. Taşcıkaraoğlu; O. Erdinç; S. Güner","Muğla Sıtkı Koçman University, Muğla, Türkiye; Muğla Sıtkı Koçman University, Muğla, Türkiye; Yıldız Technical University, Istanbul, Türkiye; Eskisehir Technical University, Eskişehir, Türkiye",IEEE Transactions on Industry Applications,"19 Sep 2024","2024","60","5","7844","7857","Recently, the rapid growth in electric vehicle (EV) sales and usage has brought significant attention to the required infrastructure, including EV charging stations, grid integration, maintenance facilities, and the supply chain for mechanical and electrical spare parts. Particularly in the electric grid where active power flow is managed with a delicate balance, the emergence of the management methods that provide EV users with a more convenient charging experience is highly regarded. This study explores the synchronized utilization of a Battery Charging Station (BCS) and Battery Swapping Station (BSS) through vehicle-to-grid (V2G), battery-to-grid (B2G), and swapping operations. The aim is to enhance the service quality for EV users and provide grid support during the peak energy demand periods. The performance of the devised constrained optimization algorithm is assessed across scenarios that involve a range of service and pricing options. The outputs reveal that the collaborative utilization of BCS and BSS offers advantages in terms of both economics and operations management. The analysis of different scenarios reveals that the designed algorithm results in a 42.1% cost-efficient operation when prioritizing economic benefits and a 37.4% increase in service provision when prioritizing more extensive service to EVs. Besides, compared to the base case, there is a substantial improvement in system reliability indices, ranging between 47% and 56%, along with load point indices reaching a significant enhancement of up to 68%.","1939-9367","","10.1109/TIA.2024.3416093","Türkiye Bilimler Akademisi; Distinguished Young Scientist Award; ","https://ieeexplore.ieee.org/stamp/stamp.jsp?arnumber=10561522","Battery swapping station;electric vehicle;energy storage;smart grid;vehicle-to-grid","Batteries;Charging stations;Electric vehicle charging;Costs;Vehicle-to-grid;Reactive power;Discharges (electric)","","16","","46","IEEE","18 Jun 2024","","","IEEE","IEEE Journals"
"Collaborative EV Routing and Charging Scheduling With Power Distribution and Traffic Networks Interaction","J. Liu; G. Lin; S. Huang; Y. Zhou; C. Rehtanz; Y. Li","Institute of Energy Systems, Energy Efficiency and Energy Economics, TU Dortmund University, Dortmund, Germany; Institute of Energy Systems, Energy Efficiency and Energy Economics, TU Dortmund University, Dortmund, Germany; School of Electronic Information and Electrical Engineering, Shanghai Jiao Tong University, Shanghai, China; Institute of Energy Systems, Energy Efficiency and Energy Economics, TU Dortmund University, Dortmund, Germany; Institute of Energy Systems, Energy Efficiency and Energy Economics, TU Dortmund University, Dortmund, Germany; College of Electrical and Information Engineering, Hunan University, Changsha, China",IEEE Transactions on Power Systems,"18 Aug 2022","2022","37","5","3923","3936","The increasing of electric vehicles (EVs) alleviates the faced environmental problems but brings challenges to the optimal operation of transportation network (TN) and distribution network (DN). However, the most of existing research works consider EV charging station assignment and navigation services in the TN separately from charging station power scheduling services in the DN. To overcome this research gap, this paper proposes a collaborative optimal routing and scheduling (CORS) method, providing optimal route to charging stations and designing optimized charging scheduling schemes for each EV. In the order of reporting, whenever an EV reports its charging demand, a CORS optimization model is built and solved so that a specific charging scheme is designed for that EV. Then, the TN and DN status is updated to guide the subsequent EVs operating. The proposed CORS integrates the real-time state of the TN and DN, and effects positive benefits in helping EVs to avoid traffic congestion, improving the utilization level of charging facilities and enhancing charging economy. The combined distributed biased min consensus algorithm and generalized benders decomposition algorithm are adopted to solve the complex nonlinear optimization problem. Through comparing with the existing methods, better effectiveness is verified by simulation results.","1558-0679","","10.1109/TPWRS.2022.3142256","German Federal Ministry of Education and Research(grant numbers:03EK3057A); “111” Project of China(grant numbers:B17016); China Scholarship Council(grant numbers:201806130201); ","https://ieeexplore.ieee.org/stamp/stamp.jsp?arnumber=9684716","Electric vehicle;charging scheduling;route navigation;transportation network;distribution network","Charging stations;Optimization;Costs;Electric vehicle charging;Routing;Navigation;Job shop scheduling","","94","","40","IEEE","18 Jan 2022","","","IEEE","IEEE Journals"
"Real-Time Congestion-Aware Charging Station Assignment Model for EVs","O. Gul M. Khan; F. Elghitani; A. Youssef; M. Salama; E. F. El-Saadany","Electrical and Computer Engineering Department, University of Waterloo, Waterloo, Canada; Network Planning Department, National Telecommunication Institute, Cairo, Egypt; Concordia Institute for Information Systems Engineering, Concordia University, Montreal, Canada; Electrical and Computer Engineering Department, University of Waterloo, Waterloo, Canada; EECS Department, Advanced Power and Energy Center, Khalifa University, Abu Dhabi, UAE",IEEE Internet of Things Journal,"27 Mar 2024","2024","11","7","11723","11736","The electrification of the transportation system is double-edged for the smart grid. Although it is green and eco-friendly, uncontrolled charging of electric vehicles (EVs) could cause not only distribution network congestion but also long queues at the charging stations. Hence, it is necessary to ensure existing charging resources are efficiently utilized. The main objective of this article is to develop an algorithm that assigns EVs to charge stations such that distribution network congestion and time spent by the user from requesting a charging service to accessing it is minimized. The Lyapunov function is utilized for developing an EV assignment algorithm to manage a dynamic population of EVs ensuring queuing stability. Moreover, as the EV assignment algorithm relies on the communication network, an intrusion cyber-attack can occur resulting in an unstable queuing system. An intrusion detection technique is, hence, proposed which utilizes existing transportation network sensor data with the EV charging stations operator information to detect such attacks. A case study using the IEEE 69 bus system is then developed to test the proposed framework.","2327-4662","","10.1109/JIOT.2023.3331600","ASPIRE, the Technology Program Management Pillar of Abu Dhabi’s Advanced Technology Research Council (ATRC), through the ASPIRE Virtual Research Institute (VRI)(grant numbers:VRI20-07); OGS, Canada; ","https://ieeexplore.ieee.org/stamp/stamp.jsp?arnumber=10314437","Congestion management;electric vehicles (EVs);EV assignment;queuing state","Charging stations;Transportation;Distribution networks;Costs;Batteries;Power system stability;Electric vehicle charging","","5","","35","IEEE","9 Nov 2023","","","IEEE","IEEE Journals"
"Joint Expansion Planning Studies of EV Parking Lots Placement and Distribution Network","M. Mozaffari; H. Askarian Abyaneh; M. Jooshaki; M. Moeini-Aghtaie","Department of Electrical Engineering, Amirkabir University of Technology, Tehran, Iran; Department of Electrical Engineering, Amirkabir University of Technology, Tehran, Iran; Department of Electrical Engineering, Sharif University of Technology, Tehran, Iran; Department of Energy Engineering, Sharif University of Technology, Tehran, Iran",IEEE Transactions on Industrial Informatics,"30 Jun 2020","2020","16","10","6455","6465","Long-term distribution network planning (DNP) is considered as one of the most challenging issues for distribution network operators (DNOs). By increasing EVs in cities, it has appeared some new players such as electric vehicles (EVs) owners and electric vehicle parking lots (EVPLs) owners for DNP. In this article, we conduct a new study on the coupled dynamic expansion problem of EVPLs placement and distribution networks. To reach this goal, at first, EVs driving and charging/discharging behavior as some influential factors is modeled using an efficient probabilistic algorithm. An analytical model is then introduced to estimate the number of EVs in EVPLs at different times. To find out the optimal place for installing EVPLs and distribution network reinforcement, a multiobjective (MO) optimization model is formulated considering the main requirements of EVs users, EVPLs owners, and distribution system operators. A linear model is also derived for the energy monument of EVs in EVPLs and residential charging stations to be used in the mentioned MO expansion problem. Numerical results with various cases are presented to illustrate the main advantages of the proposed coupled expansion model. The simulation results indicate increasing the percentage of participated EVs in V2G leads to reduce the DNO costs and increase the EVPLs' revenues. Moreover, the year of feeder reinforcement will be deferred by considering V2G mode and battery degradation.","1941-0050","","10.1109/TII.2020.2964049","","https://ieeexplore.ieee.org/stamp/stamp.jsp?arnumber=8950236","Distribution network (DN);dynamic expansion planning;electric vehicle parking lot (EVPL);V2G;battery degradation","Planning;State of charge;Distribution networks;Substations;Batteries;Indexes;Mathematical model","","51","","23","IEEE","6 Jan 2020","","","IEEE","IEEE Journals"
"Bilayer Multi-Objective Optimal Allocation and Sizing of Electric Vehicle Parking Garage","S. Faddel; A. T. Elsayed; O. A. Mohammed","Energy System Research Laboratory, Electrical and Computer Engineering Department, Florida International University, Miami, FL, USA; Energy System Research Laboratory, Electrical and Computer Engineering Department, Florida International University, Miami, FL, USA; Energy System Research Laboratory, Electrical and Computer Engineering Department, Florida International University, Miami, FL, USA",IEEE Transactions on Industry Applications,"18 May 2018","2018","54","3","1992","2001","The anticipated increase in electric vehicles (EVs) adoption necessitates the need for electrified transportation infrastructure to charge these vehicles. Although the EV parking garage can represent a good investment opportunity, it brings more challenges to the distribution system operator. Therefore, the allocation and sizing of the parking garage should be carefully planned. The planning process should take into consideration the economic aspects of the investor, as well as the technical aspects of the distribution system. In this paper, a bilayer Pareto multiobjective optimization problem is formulated to optimally allocate and size an EV parking garage. The optimization formulation tries to maximize the profits of the EV parking garage investor, as well as minimize the losses and voltage deviations for the distribution system operator. Dealing with these contradicting objectives simultaneously will results in a set of Pareto solutions. The results showed the different tradeoffs that might be induced while dealing with these contradictory objectives. A decision-making criterion based on statistics was used to decide on the optimal location and size of the parking garage. Sensitivity analysis to show the effect of the different objectives on the selection of the optimal size and location was also performed.","1939-9367","","10.1109/TIA.2018.2803151","Naval Research and the U.S. Department of Energy; ","https://ieeexplore.ieee.org/stamp/stamp.jsp?arnumber=8283782","Electric vehicles (EVs);multiobjective;Pareto optimization;parking garages","Resource management;Optimization;Indexes;Electric vehicles;Charging stations;Energy storage;Planning","","31","","27","IEEE","7 Feb 2018","","","IEEE","IEEE Journals"
"A Second-Order Cone Programming Model for Planning PEV Fast-Charging Stations","H. Zhang; S. J. Moura; Z. Hu; W. Qi; Y. Song","Department of Electrical Engineering, Tsinghua University, Beijing, China; Smart Grid and Renewable Energy Laboratory, Tsinghua-Berkeley Shenzhen Institute, Shenzhen, China; Department of Electrical Engineering, Tsinghua University, Beijing, China; Desautels Faculty of Management, McGill University, Montreal, QC, Canada; Department of Electrical Engineering, Tsinghua University, Beijing, China",IEEE Transactions on Power Systems,"17 Apr 2018","2018","33","3","2763","2777","This paper studies siting and sizing of plug-in electric vehicle (PEV) fast-charging stations on coupled transportation and power networks. We develop a closed-form model for PEV fast-charging stations' service abilities, which considers heterogeneous PEV driving ranges and charging demands. We utilize a modified capacitated flow refueling location model based on subpaths (CFRLM_SP) to explicitly capture time-varying PEV charging demands on the transportation network under driving range constraints. We explore extra constraints of the CFRLM_SP to enhance model accuracy and computational efficiency. We then propose a stochastic mixed-integer second-order cone programming model for PEV fast-charging station planning. The model considers the transportation network constraints of CFRLM_SP and the power network constraints with ac power flow. Numerical experiments are conducted to illustrate the effectiveness of the proposed method.","1558-0679","","10.1109/TPWRS.2017.2754940","National Key Research and Development Program(grant numbers:2016YFB0900103); National Natural Science Foundation of China(grant numbers:51477082); ","https://ieeexplore.ieee.org/stamp/stamp.jsp?arnumber=8047328","Plug-in electric vehicle;charging station;planning;heterogeneous driving ranges;transportation;power system;second order cone programming","Charging stations;Planning;Couplings;Electric vehicles;Computational modeling;Investment","","135","","47","IEEE","20 Sep 2017","","","IEEE","IEEE Journals"
"Optimal Configuration of Hybrid AC/DC Distribution Network Considering the Temporal Power Flow Complementarity on Lines","L. Zhang; B. Tong; Z. Wang; W. Tang; C. Shen","College of Information and Electrical Engineering, China Agricultural University, Beijing, China; College of Information and Electrical Engineering, China Agricultural University, Beijing, China; College of Information and Electrical Engineering, China Agricultural University, Beijing, China; College of Information and Electrical Engineering, China Agricultural University, Beijing, China; Department of Electrical Engineering, Tsinghua University, Beijing, China",IEEE Transactions on Smart Grid,"23 Aug 2022","2022","13","5","3857","3866","To mitigate the voltage violation and overloading caused by the integration of Distributed Generation (DG) and Electric Vehicle Charging (EVC) loads, a feasible solution is to convert some AC medium voltage distribution lines to DC ones and formulate an AC/DC hybrid distribution network, based on which flexible power shifting between lines can be achieved. However, the complementarity of power flows amongst AC/DC lines is hardly described and embedded in existing configuration optimization methods in which only the average loading or the variations of loading for a certain period is considered. Solution space will be geometrically increased if operation scenarios are fully simulated for configuration caused by the strong uncertainties of DGs and EVC loads. This paper proposes an analytic quantifiable method to describe the power complementarity between AC/DC lines. The Gaussian mixture model is used to depict the temporal correlation and uncertainties. The complementarity is calculated by the conditional probability of multi-dimensional joint probability density function of AC/DC hybrid lines. Accordingly, an optimal configuration method of hybrid AC/DC distribution network is proposed considering the complementarity of power flows on AC/DC lines, in which the size and location of Voltage Source Converters (VSCs) are optimized. Simulations studies are performed to verify the proposed method.","1949-3061","","10.1109/TSG.2021.3102615","National Natural Science Foundation of China(grant numbers:51977211); State Key Laboratory of Power System and Generation Equipment(grant numbers:SKLD20KM14); National Natural Science Foundation of China(grant numbers:51977211); State Key Laboratory of Power System and Generation Equipment(grant numbers:SKLD20KM14); ","https://ieeexplore.ieee.org/stamp/stamp.jsp?arnumber=9507544","AC/DC hybrid distribution network;temporal power complementarity;probability distribution;Gaussian mixture model;VSC optimal configuration","Distribution networks;Load flow;Probability density function;Hybrid power systems;Uncertainty;Load modeling;Probability distribution","","39","","33","IEEE","5 Aug 2021","","","IEEE","IEEE Journals"
"Novel Planning Approach for Fast-charging Station in Integrated System","X. Shi; Y. Xu; Q. Guo; Y. Sheng; H. Sun; F. Chen; Y. Zhang","Tsinghua-Berkeley Shenzhen Institute, Tsinghua Shenzhen International Graduate School, Tsinghua University, Shenzhen, China; Tsinghua-Berkeley Shenzhen Institute, Tsinghua Shenzhen International Graduate School, Tsinghua University, Shenzhen, China; Department of Electrical Engineering, State Key Laboratory of Power Systems, Tsinghua University, Beijing, China; Department of Electrical Engineering, State Key Laboratory of Power Systems, Tsinghua University, Beijing, China; Department of Electrical Engineering, State Key Laboratory of Power Systems, Tsinghua University, Beijing, China; State Grid Zhejiang Electric Vehicle Service Co. Ltd., Hangzhou, China; State Grid Zhejiang Electric Power Co. Ltd., Hangzhou, China",CSEE Journal of Power and Energy Systems,"20 Oct 2023","2023","9","5","1832","1844","A promising way to boost popularity of electric vehicles (EVs) is to properly layout fast charging stations (FCSs) by jointly considering interactions among EV drivers, power systems and traffic network constraints. This paper proposes a novel sensitivity analysis-based FCS planning approach, which considers the voltage sensitivity of each sub-network in the distribution network and charging service availability for EV drivers in the transportation network. In addition, energy storage systems are optimally installed to provide voltage regulation service and enhance charging capacity. Simulation tests conducted on two distribution network and transportation network coupled systems validate the efficacy of the proposed approach. Moreover, comparison studies demonstrate the proposed approach outperforms a Voronoi graph and particle swarm optimization combined planning approach in terms of much higher computation efficiency.","2096-0042","","10.17775/CSEEJPES.2021.02380","","https://ieeexplore.ieee.org/stamp/stamp.jsp?arnumber=9877985","Computation efficiency;fast charging station;integrated system;siting and sizing;voltage sensitivity","Planning;Voltage control;Distribution networks;Roads;Costs;Charging stations;Vehicles","","1","","28","","5 Sep 2022","","","CSEE","CSEE Journals"
"Optimal Selection of Voltage Controlling Parameter in Uncertain Active Distribution Network","D. Kumar; B. Prasad Padhy","Department of Electrical Engineering, Indian Institute of Technology Ropar, Rupnagar, India; Department of Electrical Engineering, Indian Institute of Technology Ropar, Rupnagar, India",IEEE Transactions on Industry Applications,"19 Jan 2024","2024","60","1","1576","1588","Nowadays, converter base generation (CBG) and charging infrastructure penetration are increasing rapidly in the distribution system. Thus, maintaining the voltage profile of the distribution system becomes a challenging task due to the uncertain characteristics of CBG, the number of EVs arriving at the charging stations (CS) and the power demand by the load. Therefore, in this article, the voltage profile is improved by choosing optimal voltage-controlling parameters. This is achieved through solving multi-objective optimal power flow (OPF) problem in a distribution system with CBG, like solar and wind. Further, the Modified Jaya (M-Jaya) algorithm has been used to solve the optimization problem by converting multi-objectives, such as minimization of line losses, minimization of voltage deviation and maximization of CBG output power, to a single objective function. Moreover, the state-based probabilistic model has been used to incorporate the stochastic characteristics of output from CBG, the number of EVs arriving at the CS and power demand by the load in the OPF. The numerical test of the multi-objective optimal power flow with the proposed state-based probabilistic model has been done on enhanced IEEE-33 and IEEE-123 unbalanced test system by determining the optimal rating of voltage-controlling parameters for the 24 h (h) time period.","1939-9367","","10.1109/TIA.2023.3324897","","https://ieeexplore.ieee.org/stamp/stamp.jsp?arnumber=10286409","Converter Base Generation (CBG);modified Jaya algorithm (M-Jaya);optimal power flow (OPF);probability density function (PDF)","Wind speed;Probabilistic logic;Charging stations;Load modeling;Stochastic processes;Mathematical models;Voltage control","","6","","27","IEEE","16 Oct 2023","","","IEEE","IEEE Journals"
"Optimal Dynamic Pricing of Fast Charging Stations Considering Bounded Rationality of Users and Market Regulation","Y. Chen; S. Hu; S. Xie; Y. Zheng; Q. Hu; Q. Yang","College of Electrical Engineering, Zhejiang University, Hangzhou, China; ZJU-UIUC Institute, Zhejiang University, Haining, China; School of Electrical Engineering and Automation, Fuzhou University, Fuzhou, China; College of Electrical Engineering, Zhejiang University, Hangzhou, China; ZJU-UIUC Institute, Zhejiang University, Haining, China; College of Electrical Engineering, Zhejiang University, Hangzhou, China",IEEE Transactions on Smart Grid,"20 Jun 2024","2024","15","4","3950","3965","Electric vehicles (EVs), as popular transportation carriers and flexible electric loads, couple both the power distribution networks and transportation networks. The pricing schemes of fast charging stations significantly affects the EVs’ on-tirp charging behaviors and the operations of coupled power and transportation networks. This interdisciplinary paper proposes an optimal dynamic pricing method for fast charging stations to boost charging network operator’ (CNO’s) profits and avoid excessive charging costs of EVs. Time-varying traffic flow and charging demands are generated by a dynamic traffic assignment simulation, where a boundedly rational dynamic user equilibrium model is presented to capture the cost sensitivity of EVs and gasoline vehicle users. Additionally, a market regulator supervises the CNO’s pricing, balancing the interests of the CNO and users via a regulation constraint. To address the optimal dynamic pricing issue, we propose a three-level Stackelberg game involving the distribution network operator, CNO, and users. The existence of a game equilibrium is assured by the fixed-point theory. A Gauss-Seidel iteration algorithm with inertia weight is designed to solve the pricing problem. The numerical results have corroborated the effectiveness of the proposed method, illuminating the effects of bounded rationality and market regulation on the CNO’s profits and users’ travel costs.","1949-3061","","10.1109/TSG.2024.3363040","“Pioneer” and “Leading Goose” Research and Development Program of Zhejiang(grant numbers:2023C03155); National Natural Science Foundation of China(grant numbers:52177119,52131202); National Natural Science Foundation of China International Collaboration Program Project(grant numbers:72111540273); Smart Urban Future (SURF) Laboratory, Zhejiang Province, the ZJU-UIUC Joint Research Center Project of Zhejiang University(grant numbers:DREMES202001); Special Support Plan for Zhejiang Province High-Level Talents(grant numbers:2022R52012); ","https://ieeexplore.ieee.org/stamp/stamp.jsp?arnumber=10423379","Bounded rationality;dynamic user equilibrium;fast charging station;market regulation;optimal dynamic pricing","Pricing;Costs;Vehicle dynamics;Regulation;Transportation;Optimization;Heuristic algorithms","","20","","40","IEEE","6 Feb 2024","","","IEEE","IEEE Journals"
"Hierarchical Voltage Control Strategy in Distribution Networks Considering Customized Charging Navigation of Electric Vehicles","X. Sun; J. Qiu","School of Electrical and Information Engineering, The University of Sydney, Sydney, NSW, Australia; School of Electrical and Information Engineering, The University of Sydney, Sydney, NSW, Australia",IEEE Transactions on Smart Grid,"20 Oct 2021","2021","12","6","4752","4764","This paper proposes a three-layer hierarchical voltage control strategy for distribution networks considering the customized charging navigation of electric vehicles (EVs). In the first layer, optimal power flow (OPF) is performed to determine the day-ahead dispatch of on-load tap changer (OLTC) and capacitor banks (CBs). The optimization problem is formulated as a mixed-integer second-order cone programming (MISOCP) which can be effectively solved. In the second layer, a customized charging navigation strategy is proposed to conduct the charging behaviors of EVs based on their own preferences. The novel preference modes are designed for different types of EV users to include not only the charge and time cost, but also the willingness to participate in voltage regulation service (VRS). The navigation problem is formulated as a mixed-integer linear programming (MILP), which is then solved by CPLEX solvers embedded with Dijkstra algorithm. In the third layer, charging stations measure local voltage and regulate the charging power of EVs to mitigate voltage violation. The charging selection and power allocation process are performed dynamically considering the mutual effect between the second and third layers. The economic compensation mechanism is also designed for both EV users and charging stations. The proposed approach is tested on the IEEE 33-bus distribution system coupled with a 24-bus transportation system, and simulation results verify the effectiveness both in charging navigation and mitigating voltage violation.","1949-3061","","10.1109/TSG.2021.3094891","ARC Research Hub(grant numbers:IH180100020); ARC Training Centre(grant numbers:IC200100023); ARC linkage Project(grant numbers:LP200100056); ","https://ieeexplore.ieee.org/stamp/stamp.jsp?arnumber=9475447","Hierarchical voltage control;customized charging navigation;preference modes;electric vehicles;Dijkstra algorithm","Voltage control;Navigation;Voltage measurement;Real-time systems;Optimization;Process control;Economics","","48","","37","IEEE","6 Jul 2021","","","IEEE","IEEE Journals"
"Unlocking the Potential of Battery Charging and Swapping Stations: Achieving Fully Flexible Operation via B2X and V2X Integration","H. C. Güldorum; P. Diaz-Cachinero; G. Muñoz-Delgado; J. Contreras","Escuela Técnica Superior de Ingeniería Industrial, Universidad de Castilla-La Mancha, Ciudad Real, Spain; Statistics Department, Universidad Carlos III de Madrid, Leganés, Spain; Escuela Técnica Superior de Ingeniería Industrial, Universidad de Castilla-La Mancha, Ciudad Real, Spain; Escuela Técnica Superior de Ingeniería Industrial, Universidad de Castilla-La Mancha, Ciudad Real, Spain",IEEE Transactions on Transportation Electrification,"24 Sep 2025","2025","11","5","11041","11053","The expansion of battery swapping stations (BSSs) for electric vehicles (EVs) is attracting research interest for their capability to swiftly replace depleted batteries, mitigating range anxiety for EV users, and their potential to supply power to the distribution system (DS). As EV adoption grows, an increase in both BSSs and charging stations (CSs) is anticipated. This study introduces a novel concept for the battery charging and swapping stations (BCSSs) offering both charging and swapping services to EVs, alongside ancillary DS support and a variety of flexibility sources. The proposed mixed-integer linear programming (MILP) model seeks to maximize station owner’s profits by optimizing revenues from EV services and energy sales to the DS, including battery-to-grid (B2G) and vehicle-to-grid (V2G) transactions, while considering costs associated with battery degradation and unmet service requests. The model also contains photovoltaic (PV) generation and enhances EV user satisfaction and station profitability through diverse energy transfer services, such as battery-to-battery (B2B), battery-to-vehicle (B2V), vehicle-to-vehicle (V2V), and vehicle-to-battery (V2B). The proposed model also considers the time-varying electricity tariff. Simulation results over a 24-h period with 15-min intervals reveal that the battery-to-everything (B2X) and vehicle-to-everything (V2X) flexibility services significantly improve EV satisfaction and mitigate profit loss during high-demand periods, thus greatly improving station versatility.","2332-7782","","10.1109/TTE.2025.3570432","EU Horizon Europe Programme (EU-DREAM Project)(grant numbers:101160614); MSCA DN (FITNESS Project)(grant numbers:101168796); Spanish Ministry of Science and Innovation MCIN/AEI/10.13039/501100011033(grant numbers:PID2021-122579OBI00); “ERDF A way of making Europe,”; Junta de Comunidades de Castilla-La Mancha(grant numbers:SBPLY/21/180501/000154); Spanish Ministry of Finance and Civil Service; European Union Funds; ERDF; Universidad de Castilla-La Mancha under the UCLM Research Group Program(grant numbers:2023-GRIN-34074); European Commission under ERDF; Ayudas para la Actividad Investigadora de los Jóvenes Doctores, del Programa Propio de Investigación de la UC3M; ","https://ieeexplore.ieee.org/stamp/stamp.jsp?arnumber=11005558","Ancillary services;battery swapping station (BSS);battery-to-everything (B2X);bidirectional power flow;charging station (CS);vehicle-to-everything (V2X)","Batteries;Costs;Degradation;Quality of experience;Vehicle-to-grid;Power system stability;Optimization models;Electric potential;Vehicle-to-everything;Europe","","","","39","CCBY","15 May 2025","","","IEEE","IEEE Journals"
"Optimal Management for Megawatt Level Electric Vehicle Charging Stations With a Grid Interface Based on Modular Multilevel Converter","E. Gümrükcü; E. Asadollahi; C. Joglekar; F. Ponci; A. Monti; G. Guidi; S. D’Arco; J. A. Suul","Institute for Automation of Complex Power Systems, E.ON ERC—RWTH Aachen University, Aachen, Germany; Institute for Automation of Complex Power Systems, E.ON ERC—RWTH Aachen University, Aachen, Germany; Institute for Automation of Complex Power Systems, E.ON ERC—RWTH Aachen University, Aachen, Germany; Institute for Automation of Complex Power Systems, E.ON ERC—RWTH Aachen University, Aachen, Germany; Institute for Automation of Complex Power Systems, E.ON ERC—RWTH Aachen University, Aachen, Germany; SINTEF Energy Research, Trondheim, Norway; SINTEF Energy Research, Trondheim, Norway; SINTEF Energy Research, Trondheim, Norway",IEEE Access,"4 Jan 2022","2022","10","","258","270","This paper proposes a strategy to manage an electric vehicle charging station (EVCSs) with a grid-side interface based on a Modular Multilevel Converter (MMC). The MMC topology is studied due to its potential for reducing the footprint and the use of active material in the internal distribution system by allowing for transformer-less connection to the medium voltage distribution grid. However, heterogeneous charging demands and arrival-departure profiles of the electric vehicles (EVs) could lead to significant loading unbalances among the MMC arms and among the modules of a single arm. Nevertheless, the current in the grid interface must be kept balanced and sinusoidal. Furthermore, the voltages of the modules of an arm must be balanced. This work combines a load management (LM) algorithm with a power flow management (PFM) algorithm to achieve the required characteristics of grid current and module voltages under the heterogeneity of the charging demand in MMC-based EVCSs. The PFM algorithm controls the circulating currents to compensate the phase-to-phase, arm-to-arm and intra-arm unbalances of the given loading. To minimize the additional losses resulting from active balancing by the PFM, the LM optimizes the charging schedules and allocations of incoming EVs into charging units in order to minimize phase-to-phase and arm-to-arm unbalances in the system. The performance of the proposed optimization-based LM is compared with a rule-based benchmark LM by simulating the daily operation of an example shopping mall parking with MMC-based grid interface. In scenarios with pronounced unbalance limitations, the optimization-based LM increases the supplied energy significantly. Real-time (RT) simulations demonstrate a balanced and sinusoidal grid current profile and balanced module voltages in MMC arms over the daily scenarios. These results indicate that the proposed strategy combining LM and PFM is applicable for real-world deployments.","2169-3536","","10.1109/ACCESS.2021.3137544","German Federal Ministry of Education and Research (BMBF); Norges Forskningsråd; ","https://ieeexplore.ieee.org/stamp/stamp.jsp?arnumber=9658525","Electric vehicle;modular multilevel converter;optimization;wireless power transfer","Power conversion;Electric vehicle charging;Wireless power transfer;Electric vehicles;Resource management;State of charge;Batteries","","13","","27","CCBYNCND","22 Dec 2021","","","IEEE","IEEE Journals"
"Load Transfer Optimization With Graph Characterizations on Multiple Time-Scales for Multi-Voltage Distribution Networks Against Overload Cascades","C. Lei; N. Wei; Q. Wang; Y. Zou; F. Mo; S. Bu; S. Li; B. Chen; L. Goel","Department of Electrical and Computer Engineering, University of British Columbia, Vancouver, BC, Canada; College of Engineering and Technology, Southwest University, Chongqing, China; State Key Laboratory of Power Transmission Equipment Technology, Chongqing University, Chongqing, China; College of Physics and Electronic Engineering, Chongqing Normal University, Chongqing, China; Shibei Electric Power Supply Branch Company, State Grid Chongqing Electric Power Company, Chongqing, China; Research Institute for Smart Energy, Department of Electrical and Electronic Engineering, Hong Kong Polytechnic University, Hong Kong; Research Institute for Smart Energy, Department of Electrical and Electronic Engineering, Hong Kong Polytechnic University, Hong Kong; Department of Electrical and Computer Engineering, University of British Columbia, Vancouver, BC, Canada; School of Electrical & Electronic Engineering, Nanyang Technological University, Singapore",IEEE Transactions on Power Delivery,"24 Jul 2025","2025","40","4","1847","1862","In electrified transportation, a growing number of electric vehicles (EVs) are employing super fast charging technology, which provides very high charging power over a short period. This rapid load growth from super fast charging stations makes real-time load balancing particularly challenging for multi-voltage distribution networks (DNs), i.e., high-voltage DNs (HVDNs) and medium-voltage DNs (MVDNs). To address the overload problem, we formulate the load transfer optimization (LTO) model in which we simplify power flow equations and radiality constraints using graph characterizations in HVDNs and MVDNs. Moreover, a hierarchical LTO optimization framework on multiple time-scales is developed for multi-voltage DNs. This hierarchical LTO approach reduces computational time and effort with the minimum switching cost and system loss reductions, while facilitating the load transfer coordination between distribution system operators (DSOs) on different voltage levels. Finally, this proposed hierarchical LTO approach in case study outperforms existing conventional distribution network reconfiguration (DNR) approaches in terms of computational time and effort, and also achieves the minimum switching cost than existing DNR approaches for the realistic multi-voltage DNs with high penetration of super fast charging stations.","1937-4208","","10.1109/TPWRD.2025.3553041","Fundamental Research Funds for the Central Universities(grant numbers:2023CDJYXTD-004); PolyU Start-Up Fund(grant numbers:A0054447); ","https://ieeexplore.ieee.org/stamp/stamp.jsp?arnumber=11008705","Multi-voltage distribution networks;graph characterizations;multiple time-scales;load transfer optimization","Voltage control;Mathematical models;Distribution networks;Load flow;Substations;Optimization;Fast charging;High-voltage techniques;Switches","","","","28","IEEE","21 May 2025","","","IEEE","IEEE Journals"
"A Cooperative Hierarchical Multi-Agent System for EV Charging Scheduling in Presence of Multiple Charging Stations","C. B. Saner; A. Trivedi; D. Srinivasan","Department Electrical and Computer Engineering, National University of Singapore, Singapore; Department Electrical and Computer Engineering, National University of Singapore, Singapore; Department Electrical and Computer Engineering, National University of Singapore, Singapore",IEEE Transactions on Smart Grid,"21 Apr 2022","2022","13","3","2218","2233","The increasing penetration of plug-in electric vehicles (EVs) to the electrical grid raises concerns over secure and economic operation of the system. A coordination mechanism between system operator and EV aggregators is necessary to ensure that the system is operated within the security limits, and to reduce the charging costs while satisfying EV users’ energy needs. In this work, we present a cooperative hierarchical multi-agent system and propose an EV charging scheduling strategy in order to minimize the demand and energy charges while meeting the EV users’ energy requirements and satisfying the system security constraints. Within the designed framework, the higher-level agents calculate a set of proposed control signals by solving the designated optimization problems, and send them to the lower-level agents to facilitate an optimal scheduling in line with the aforementioned objectives. Through this hierarchically distributed approach, it is possible to effectively coordinate multiple EV charging stations without the need of direct communication or any prior information related to EV arrivals. The computational complexity of the problem is reduced by distributing the work among agents, and the privacy of sensitive data, such as system topology, load profiles, and EV parameters, is preserved. Moreover, unlike the traditional distributed solution methods that converge iteratively, the proposed approach calculates the optimal charging schedule after a single round of communication. The efficacy of the proposed methodology is demonstrated by a series of case studies on 33-bus and 118-bus distribution test feeders.","1949-3061","","10.1109/TSG.2022.3140927","National Research Foundation, Singapore through AI Singapore Programme(grant numbers:AISGRP-2018-004); EMA-PSA, Singapore(grant numbers:R-263-000-F04-592 (EMA-EP005-EPJGC-0003)); ","https://ieeexplore.ieee.org/stamp/stamp.jsp?arnumber=9672089","Demand charges;electric vehicles;EV charging scheduling;multi-agent systems;optimization","Electric vehicle charging;Costs;Optimal scheduling;Security;Schedules;Multi-agent systems;Job shop scheduling","","116","","37","IEEE","6 Jan 2022","","","IEEE","IEEE Journals"
"EV Charging Stations With a Provision of V2G and Voltage Support in a Distribution Network","M. Mazumder; S. Debbarma","Department of Electrical Engineering, National Institute of Technology Meghalaya, Shillong, India; Department of Electrical Engineering, National Institute of Technology Meghalaya, Shillong, India",IEEE Systems Journal,"9 Mar 2021","2021","15","1","662","671","In the future, electric vehicles (EVs) are anticipated to dominate the urban transportation sector. To lessen the operational risk of existing distribution networks due to massive deployment of EVs, optimal planning and operation are vital as EVs elevate new charging demand. This article conducts a comprehensive study on the feasibility of integrating EVs into the existing distribution system, considering both slow and fast charging schemes. The problem is formulated as an objective function that minimizes the total price of charging incurred by the charging stations and the peak-to-average ratio. To diminish the negative impact of EVs on the node voltage in the distribution system, EVs are also modeled as a reactive power compensating device. Simulations are conducted on the IEEE 33-bus distribution network and an in-depth study is presented on the maximum feasible EV penetration to the existing system without augmentation. The problem is solved using a novel metaheuristic optimization called the water cycle algorithm. The proposed charging/discharging strategy works well and results in the housing of higher penetration of EVs in the distribution network along with a reduction in the charging price. Moreover, with the proposed coordinated strategy, the node voltage variation is found within the permissible limits.","1937-9234","","10.1109/JSYST.2020.3002769","","https://ieeexplore.ieee.org/stamp/stamp.jsp?arnumber=9131789","Electric vehicles (EVs);grid-to-vehicle (G2V);reactive power compensation;vehicle-to-grid (V2G);water cycle algorithm (WCA)","Vehicle-to-grid;State of charge;Distribution networks;Reactive power;Batteries;Electric vehicle charging;Minimization","","90","","31","IEEE","2 Jul 2020","","","IEEE","IEEE Journals"
"Placement and Capacity of EV Charging Stations by Considering Uncertainties With Energy Management Strategies","F. Ahmad; A. Iqbal; I. Asharf; M. Marzband; I. Khan","Department of Electrical Engineering, Aligarh Muslim University, Aligarh, India; Electrical Engineering, Qatar University, Doha, Qatar; Department of Electrical Engineering, Aligarh Muslim University, Aligarh, India; Department of Maths, Physics and Electrical Engineering, Northumbria University, Newcastle Upon Tyne, U.K.; Electrical and Computer Engineering, Texas A&M University System, Galveston, TX, USA",IEEE Transactions on Industry Applications,"19 May 2023","2023","59","3","3865","3874","At the present context, Plug-in electric vehicles (PEVs) are gaining popularity in the automotive industry due to their low CO2 emissions, simple maintenance, and low operating costs. As the number of PEVs on the road increases, the charging demand of PEVs affects distribution network features, such as power loss, voltage profile, and harmonic distortion. Furthermore, one more problem arises due to the high peak power demand from the grid to charge the PEVs at the charging station (CS). In addition, the location of CS also affects the behavior of EV users and CS investors. Hence, this paper applies CS investor, PEV user, and distribution network operator who could approach to CS's optimal location and capacity. Integrating renewable energy sources (RESs) at the charging station is suggested to lower the energy stress on the grid. Moreover, to keep down the peak power demand from the grid and utilize renewable energy more efficiently, energy management strategies (EMS) have been applied through the control of charging and discharging of the battery storage system (BSS). In addition, vehicle to grid (V2G) strategy is also applied to discharge the EV battery at charging station. Furthermore, the uncertainties related to PEV charging demand and PV power generation are addressed by the Monte Carlo Simulation (MCS) method.","1939-9367","","10.1109/TIA.2023.3253817","NPRP(grant numbers:NPRP-13S-0108-20008); Qatar National Research Fund; Qatar Foundation; DTE Network+; Engineering and Physical Sciences Research Council(grant numbers:EP/S032053/1); ","https://ieeexplore.ieee.org/stamp/stamp.jsp?arnumber=10064008","Optimal deployment;electric vehicle;energy management strategy;battery storage system;charging infrastructure","State of charge;Costs;Batteries;Charging stations;Optimization;Renewable energy sources;Load modeling","","81","","26","IEEE","8 Mar 2023","","","IEEE","IEEE Journals"
"A DSO Framework for Market Participation of DER Aggregators in Unbalanced Distribution Networks","M. Mousavi; M. Wu","School of Electrical, Computer, and Energy Engineering, Arizona State University, Tempe, AZ, USA; School of Electrical, Computer, and Energy Engineering, Arizona State University, Tempe, AZ, USA",IEEE Transactions on Power Systems,"18 Apr 2022","2022","37","3","2247","2258","This paper presents a distribution system operator (DSO) framework for wholesale and retail market participation of distributed energy resources (DERs) aggregators. The DSO coordinates aggregators’ energy and regulation offers as well as end-users’ energy consumption through the unbalanced retail market and submits balanced energy and regulation offers to the wholesale market on behalf of all the aggregators and end-users within its territory. Various kinds of DER aggregators including demand response aggregators (DRAGs), energy storage aggregators (ESAGs), electric vehicle (EV) charging stations (EVCSs), dispatchable distributed generation aggregators (DDGAGs), and renewable energy aggregators (REAGs) are modeled. To handle unbalanced distribution grids with single-phase aggregators, a linearized unbalanced power flow is tailored to model operating constraints of the distribution grid with various aggregators. A market settlement approach is proposed for the DSO, which coordinates with wholesale market clearing process and ensures the DSO’s non-profit characteristic. It is proved that at the wholesale-DSO coupling substation, the total payment received/compensated by the DSO under the wholesale price is identical to that under three single-phase retail prices for each phase at the substation. Case studies are performed on the modified IEEE 33-node and 240-node distribution test systems to investigate the market outcomes of the proposed DSO.","1558-0679","","10.1109/TPWRS.2021.3117571","Power Systems Engineering Research Center; ","https://ieeexplore.ieee.org/stamp/stamp.jsp?arnumber=9557767","Electricity market;distribution system operator;distributed energy resources;aggregators;smart grids;three-phase power flow","Regulation;Distribution networks;Real-time systems;Costs;Computational modeling;Substations;Microgrids","","46","","49","IEEE","4 Oct 2021","","","IEEE","IEEE Journals"
"An Enhanced SD-GS-AL Algorithm for Coordinating the Optimal Power and Traffic Flows With EVs","S. Sharma; Q. Li; W. Wei","Department of Electrical Engineering, University of Central Florida, Orlando, FL, USA; Department of Electrical Engineering, University of Central Florida, Orlando, FL, USA; Department of Electrical Engineering, State Key Laboratory of Power Systems, Tsinghua University, Beijing, China",IEEE Transactions on Smart Grid,"20 Jun 2024","2024","15","4","3904","3918","The electric power distribution network (PDN) and the transportation network (TN) are generally operated/coordinated by different entities. However, they are coupled through electric vehicle charging stations (EVCSs). This paper proposes to coordinate the operation of the two systems via a fully decentralized framework where the PDN and TN operators solve their own operation problems independently, with only limited information exchange. Nevertheless, the operation problems of both systems are generally mixed-integer programs (MIP), for which mature algorithms like the alternating direction method of multipliers (ADMM) may not guarantee convergence. This paper applies a novel distributed optimization algorithm called the SD-GS-AL method, which is a combination of the simplicial decomposition, gauss-seidel, and augmented Lagrangian, which can guarantee convergence and optimality for MIPs. However, the original SD-GS-AL may be computationally inefficient for solving a complex engineering problem like the PDN-TN coordinated optimization investigated in this paper. To improve the computational efficiency, an enhanced SD-GS-AL method is proposed by redesigning the inner loop of the algorithm, which can automatically and intelligently determine the iteration number of the inner loop. Simulations on the test cases show the efficiency and efficacy of the proposed framework and algorithm.","1949-3061","","10.1109/TSG.2024.3358805","U.S. National Science Foundation(grant numbers:CBET 2124849); ","https://ieeexplore.ieee.org/stamp/stamp.jsp?arnumber=10415053","Decentralized algorithms;mixed-integer programs;optimal power-traffic flow","Power systems;Electric vehicle charging;Reactive power;Pricing;Convergence;Indexes;Routing","","3","","40","IEEE","26 Jan 2024","","","IEEE","IEEE Journals"
"Model Predictive Control for Smart Grids With Multiple Electric-Vehicle Charging Stations","Y. Shi; H. D. Tuan; A. V. Savkin; T. Q. Duong; H. V. Poor","School of Electrical and Data Engineering, University of Technology Sydney, Broadway, NSW, Australia; School of Electrical and Data Engineering, University of Technology Sydney, Broadway, NSW, Australia; School of Electrical Engineering and Telecommunications, University of New South Wales, Sydney, NSW, Australia; Queen’s University Belfast, Belfast, U.K.; Department of Electrical Engineering, Princeton University, Princeton, NJ, USA",IEEE Transactions on Smart Grid,"17 Feb 2019","2019","10","2","2127","2136","Next-generation power grids will likely enable concurrent service for residences and plug-in electric vehicles (PEVs). While the residence power demand profile is known and thus can be considered inelastic, the PEVs' power demand is only known after random PEV arrivals. PEV charging scheduling aims at minimizing the potential impact of the massive integration of PEVs into power grids to save service costs to customers while power control aims at minimizing the cost of power generation subject to operating constraints and meeting demand. This paper develops a model predictive control-based approach to address joint PEV charging scheduling and power control to minimize both PEV charging cost and energy generation cost in meeting both residence and PEV power demands. Unlike in related works, no assumptions are made about the probability distribution of PEVs' arrivals, knowledge of PEVs' future demand, or unlimited charging capacity of PEVs. The proposed approach is shown to achieve a globally optimal solution. Numerical results for IEEE benchmark power grids serving Tesla model S PEVs show the merit of this approach.","1949-3061","","10.1109/TSG.2017.2789333","Australian Research Council(grant numbers:DP130104617,DP170103750); Royal Academy of Engineering(grant numbers:RF1415/14/22); Engineering and Physical Sciences Research Council(grant numbers:EP/P019374/1); National Science Foundation(grant numbers:ECCS-1549881); ","https://ieeexplore.ieee.org/stamp/stamp.jsp?arnumber=8245844","Smart power grid;plug-in electric vehicles;model predictive control;optimal power flow","Smart grids;Predictive control;Power demand;Power control;Electric vehicles","","132","","33","IEEE","3 Jan 2018","","","IEEE","IEEE Journals"
"Network Equilibrium of Coupled Transportation and Power Distribution Systems","W. Wei; L. Wu; J. Wang; S. Mei","State Key Laboratory of Power Systems, Tsinghua University, Beijing, China; Department of Electrical and Computer Engineering, Clarkson University, Potsdam, NY, USA; Department of Electrical Engineering, Southern Methodist University, Dallas, TX, USA; State Key Laboratory of Power Systems, Tsinghua University, Beijing, China",IEEE Transactions on Smart Grid,"18 Oct 2018","2018","9","6","6764","6779","This paper presents a holistic modeling framework for the interdependent transportation network and power distribution network. From a system-level perspective, on-road fast charging stations would simultaneously impact vehicle routing in the transportation system and load flows in the distribution system, therefore tightly couple the two systems. In this paper, a dedicated traffic user equilibrium model is proposed to describe the steady-state distribution of traffic flows comprised of gasoline vehicles and electric vehicles. It encapsulates route selections, charging opportunities, electricity prices, and individual rationalities of minimum travel expense in a convex traffic assignment problem over an extended transportation network. An adaptive path generation oracle is suggested to solve the problem in a tractable manner. Economic operation of the power distribution system is formulated as an alternating current optimal power flow problem. Convex relaxation is performed. The optimal generation dispatch and nodal electricity prices can be computed from a second-order cone program. It is revealed that an equilibrium state will emerge due to the rational behaviors in the coupled systems, which is characterized via a fixed-point problem. A best-response decomposition algorithm is suggested to identify the network equilibrium through iteratively solving the traffic assignment problem and the optimal power flow problem, both of which entail convex optimization. Illustrative examples are presented to validate related concepts and methods.","1949-3061","","10.1109/TSG.2017.2723016","National Natural Science Foundation of China(grant numbers:51621065); National Science Foundation(grant numbers:BIC-1534035); U.S. Natural Science Foundation(grant numbers:1638348); ","https://ieeexplore.ieee.org/stamp/stamp.jsp?arnumber=7967870","Electric vehicle;interdependency;locational marginal price (LMP);network equilibrium;optimal power flow;power distribution network;static traffic assignment;transportation network;Wardrop user equilibrium","Transportation;Economics;Electric vehicles;Reactive power;Batteries;Pricing;Optimal power","","294","","75","IEEE","4 Jul 2017","","","IEEE","IEEE Journals"
"A Planning Approach for the Network Configuration of AC-DC Hybrid Distribution Systems","H. M. A. Ahmed; A. B. Eltantawy; M. M. A. Salama","Department of Electrical and Computer Engineering, University of Waterloo, Waterloo, ON, Canada; Department of Electrical and Computer Engineering, University of Waterloo, Waterloo, ON, Canada; Department of Electrical and Computer Engineering, University of Waterloo, Waterloo, ON, Canada",IEEE Transactions on Smart Grid,"19 Apr 2018","2018","9","3","2203","2213","This paper proposes a novel stochastic planning model for AC-DC hybrid distribution systems (DSs). Taking into account the possibility of each line/bus being AC or DC, the model finds the optimal AC-DC hybrid configuration of buses and lines in the DS. It incorporates consideration of the stochastic behavior of load demands and renewable-based distributed generators (DGs). The stochastic variations are addressed using a Monte-Carlo simulation technique. The objective of the planning model is the minimization of DS installation and operation costs. The optimal planning solution is obtained by dividing the hybrid planning problem into two nested optimization problems: 1) the main problem is formulated using a genetic algorithm (GA) to search for the optimal AC-DC configuration and 2) the subproblem is used for determining the optimal power flow solution for each configuration generated by the GA. The proposed model has been employed for finding the optimal configuration for a suggested case study that included photovoltaic panels, wind-based DG, and electric vehicle charging stations. The same case study was also solved using a traditional AC planning technique in order to evaluate the effectiveness of the proposed model and the associated cost-savings. The results demonstrate the advantages offered by the proposed model. The proposed framework represents an effective technique that can be used by DS operators to identify the optimal AC-DC network configuration of future DSs.","1949-3061","","10.1109/TSG.2016.2608508","","https://ieeexplore.ieee.org/stamp/stamp.jsp?arnumber=7564442","Distribution system planning;AC-DC distribution systems;hybrid power systems;voltage source converter;electric vehicle charging stations;renewable distributed generation","Planning;Decision support systems;Power conversion;Load modeling;Reactive power;Hybrid power systems","","92","","40","IEEE","12 Sep 2016","","","IEEE","IEEE Journals"
"Decentralized Optimization of Multi-Area Power-Transportation Coupled Systems Based on Variational Inequalities","S. Xie; Z. Chen; Y. Zhang; S. Cao; K. Chen","School of Electrical Engineering and Automation, Fuzhou University, Fuzhou, China; School of Electrical Engineering and Automation, Fuzhou University, Fuzhou, China; School of Electrical Engineering and Automation, Fuzhou University, Fuzhou, China; Dispatch Control Center, State Grid Corporation of China (SGCC), Beijing, China; School of Electrical Engineering and Automation, Fuzhou University, Fuzhou, China",CSEE Journal of Power and Energy Systems,"13 Oct 2025","2025","11","5","2386","2398","Current urban transport and energy systems are gradually being integrated and developed towards a state of multi-area interconnection. This paper proposes a decentralized optimization approach of multi-area power-transport coupled systems (PTCSs) based on this change. To begin with, models concerning optimal power flow and mixed equilibrium flow are defined to describe flow patterns, respectively. Considering the traffic assignment model is nonlinear and challenging to solve, this paper converts it into an equivalent variational inequality (VI). With this foundation, a decentralized optimization model is proposed, and decoupling strategies are investigated. To solve the problem effectively, an improved algorithm applicable to the decentralized optimization of PTCSs, supported by the VI tool, is proposed. In addition, a rigorous convergence analysis of the proposed algorithm was conducted. Simulations indicate the proposed algorithm solves the problem with good results and can guarantee convergence within a reasonable time frame.","2096-0042","","10.17775/CSEEJPES.2022.05760","National Natural Science Foundation of China(grant numbers:52307087); ","https://ieeexplore.ieee.org/stamp/stamp.jsp?arnumber=10106206","Decentralized optimization;electric vehicle;multi-area power-transport coupled system;variational inequality","Manganese;Indexes;Charging stations;Upper bound;Reactive power;Convergence;Linear programming","","1","","36","","20 Apr 2023","","","CSEE","CSEE Journals"
"A Stochastic Game Approach for PEV Charging Station Operation in Smart Grid","Y. Liu; R. Deng; H. Liang","Department of Electrical and Computer Engineering, University of Alberta, Edmonton, AB, Canada; Department of Electrical and Computer Engineering, University of Alberta, Edmonton, AB, Canada; Department of Electrical and Computer Engineering, University of Alberta, Edmonton, AB, Canada",IEEE Transactions on Industrial Informatics,"2 Mar 2018","2018","14","3","969","979","In the future, smart grid charging stations will be critical infrastructures for plug-in electric vehicle (PEV) to replenish their batteries in a convenient way. Due to the ever-increasing penetration rate of PEVs, how to efficiently manage the loads of PEV charging stations to ensure system efficiency and reliability is a major challenge faced by the distribution service providers (DSPs) in the smart grid. This challenge is further complicated by the highly dynamic PEV mobility, which results in random PEV arrivals, departures, and charging demands. In order to address this challenge, a stochastic game approach is proposed in this paper to characterize the interactions among DSP, charging stations, and PEV owners, where the randomness in charging decision making processes of PEV owners is modeled by a Markov decision process. Based on the Nash equilibrium solution of the stochastic game, a real time pricing scheme is proposed for the DSP to minimize power distribution losses while ensuring system reliability. The performance of the proposed approach is evaluated via extensive simulations based on the IEEE 123 bus test feeder with real vehicle mobility data from the 2009 National Household Travel Survey and the 2010 National Travel Survey.","1941-0050","","10.1109/TII.2017.2781226","Alberta Innovates Technology Futures Postdoctoral Fellowship; Natural Sciences and Engineering Research Council of Canada; ","https://ieeexplore.ieee.org/stamp/stamp.jsp?arnumber=8170319","Charging station;Nash equilibrium;plug-in electric vehicle (PEV);real time pricing (RTP);smart grid;stochastic game (SG)","Charging stations;Games;Stochastic processes;Real-time systems;Smart grids;Reliability;Optimization","","51","","40","IEEE","8 Dec 2017","","","IEEE","IEEE Journals"
"Optimal Cooperative Charging Strategy for a Smart Charging Station of Electric Vehicles","P. You; Z. Yang; M. -Y. Chow; Y. Sun","State Key Laboratory of Industrial Control Technology, Zhejiang University, Hangzhou, China; State Key Laboratory of Industrial Control Technology, Zhejiang University, Hangzhou, China; Department of Electrical Engineering, North Carolina State University, Raleigh, NC, USA; State Key Laboratory of Industrial Control Technology, Zhejiang University, Hangzhou, China",IEEE Transactions on Power Systems,"2 May 2016","2016","31","4","2946","2956","This paper proposes a novel cooperative charging strategy for a smart charging station in the dynamic electricity pricing environment, which helps electric vehicles (EVs) to economically accomplish the charging task by the given deadlines. This strategy allows EVs to share their battery-stored energy with each other under the coordination of an aggregator, so that more flexibility is given to the aggregator for better scheduling. Mathematically, the scheduling problem is formulated as a constrained mixed-integer linear program (MILP) to capture the discrete nature of the battery states, i.e., charging, idle and discharging. Then, an efficient algorithm is proposed to solve the MILP by means of dual decomposition and Benders decomposition. At last, the algorithm can be implemented in a distributed fashion, which makes it scalable and thus suitable for large-scale scheduling problems. Numerical results validate our theoretical analysis.","1558-0679","","10.1109/TPWRS.2015.2477372","National Natural Science Foundation of China(grant numbers:61371159); ","https://ieeexplore.ieee.org/stamp/stamp.jsp?arnumber=7287792","Benders decomposition;distributed optimization;dual decomposition;pricing","Charging stations;Batteries;Scheduling;Power grids;Optimal scheduling;Electric vehicles","","126","","31","IEEE","2 Oct 2015","","","IEEE","IEEE Journals"
"Time Horizon-Based Model Predictive Volt/VAR Optimization for Smart Grid Enabled CVR in the Presence of Electric Vehicle Charging Loads","S. Singh; V. B. Pamshetti; S. P. Singh","Department of Electrical Engineering, Indian Institute of Technology (BHU), Varanasi, India; Department of Electrical Engineering, Indian Institute of Technology (BHU), Varanasi, India; Department of Electrical Engineering, Indian Institute of Technology (BHU), Varanasi, India",IEEE Transactions on Industry Applications,"11 Nov 2019","2019","55","6","5502","5513","This paper investigates the need of coordinated operation of conservation voltage reduction (CVR) in the presence of electric vehicle (EV) penetration in the active distribution network. In order to analyze the impact of both the technologies (CVR and EV), a time horizon-based model predictive Volt/VAR optimization (VVO) methodology has been introduced in smart grid framework. The proposed VVO methodology operates in centralized as well as local controls under different time scale of operation, including cloud transient effects on solar photovoltaic (PV) power output. Moreover, the control algorithms also consider the uncertainties in load demand and PV power generation. The VVO methodology has been validated with and without presence of EV loads in the distribution network. The VVO includes the impact of different EV charging loads having the ability of participation in reactive power support at selected charging points. This is also referred to as vehicle-to-grid operation in terms of reactive power dispatch only. Besides, the voltage and VAR regulation through smart inverters of PVs and EV charging station has been fruitfully utilized in global as well as local domain. A real-time Volt/VAR droop based controller has been introduced to control the smart inverters reactive power dispatch. To validate the developed methodology, a real-time cosimulation framework, using real-time digital simulator and Python interface, has been built. The proposed model predictive VVO algorithm has been tested and validated on a modified IEEE 34 bus test system. The simulated results reveal that significant CVR energy savings and losses reduction has been achieved without violating the system constraints. The voltage control algorithm works well in both slow and fast time scales.","1939-9367","","10.1109/TIA.2019.2928490","Banaras Hindu University(grant numbers:IIT(BHU)/R&D/Lab,Grant/2018-19/4161/L); ","https://ieeexplore.ieee.org/stamp/stamp.jsp?arnumber=8762192","Conservation voltage reduction (CVR);electric vehicle (EV);smart grid;Volt/VAR control (VVC)","Reactive power;Inverters;Load modeling;Electric vehicle charging;Voltage control;Uncertainty;Vehicle-to-grid","","87","","25","IEEE","15 Jul 2019","","","IEEE","IEEE Journals"
"Optimal Vehicle Charging in Bilevel Power-Traffic Networks via Charging Demand Function","Y. Zhang; S. Dey; Y. Shi","Department of Electrical and Computer Engineering, University of California at San Diego, La Jolla, CA, USA; Department of Electrical and Computer Engineering, University of California at San Diego, La Jolla, CA, USA; Department of Electrical and Computer Engineering, University of California at San Diego, La Jolla, CA, USA",IEEE Transactions on Smart Grid,"22 Apr 2024","2024","15","3","3054","3065","Electric vehicle (EV) charging couples the operation of power and traffic networks. Specifically, the power network determines the charging price at various locations, while EVs on the traffic network optimize the charging power given the price, acting as price-takers. We model such decision-making processes by a bilevel program, with the power network at the upper-level and the traffic network at the lower-level. However, since the two networks are managed by separate entities and the charging expense term, calculated as the product of charging price and charging demand, is nonlinear. Solving the bilevel program is nontrivial. To overcome these challenges, we derive the charging demand function using multiparametric programming theory. This function establishes a piecewise linear relationship between the charging price and the optimal charging power, enabling the power network operator to manage EV charging power independently while accounting for the coupling between the two networks. With the derived function, we are also able to replace the nonlinear charging expense term with a piecewise quadratic one, thus guaranteeing solution optimality. Our numerical studies demonstrate that different traffic demands can have an impact on charging patterns and the power network can effectively incentivize charging at low-price nodes through price setting.","1949-3061","","10.1109/TSG.2023.3327070","Shanghai Jiao Tong University Outstanding Doctoral Graduate Development Scholarship; NSF(grant numbers:2200692); Hellman Fellowship; ","https://ieeexplore.ieee.org/stamp/stamp.jsp?arnumber=10293190","Electric vehicles;bilevel program;coupled networks;charging demand function","Electric vehicle charging;Optimization;Charging stations;Costs;Behavioral sciences;Information exchange;Couplings","","4","","32","IEEE","24 Oct 2023","","","IEEE","IEEE Journals"
"Residential electrical vehicle charging strategies: the good, the bad and the ugly","M. Liu; P. Mcnamara; R. Shorten; S. Mcloone","Hamilton Institute, Maynooth University, Maynooth, Co., Kildare, Ireland; Department of Electronic Engineering, Maynooth University, Maynooth, Co., Kildare, Ireland; IBM Research, Dublin, Ireland; School of Electronics, Electrical Engineering and Computer Science, Queen's University Belfast, Belfast, UK",Journal of Modern Power Systems and Clean Energy,"28 Feb 2020","2015","3","2","190","202","In recent years, a wide variety of centralised and decentralised algorithms have been proposed for residential charging of electric vehicles (EVs). In this paper, we present a mathematical framework which casts the EV charging scenarios addressed by these algorithms as optimisation problems having either temporal or instantaneous optimisation objectives with respect to the different actors in the power system. Using this framework and a realistic distribution network simulation testbed, we provide a comparative evaluation of a range of different residential EV charging strategies, highlighting in each case positive and negative characteristics.","2196-5420","","10.1007/s40565-015-0122-2","","https://ieeexplore.ieee.org/stamp/stamp.jsp?arnumber=9018448","Electric vehicle;Smart grid;Decentralised control;Centralised control;Demand side management","Electric vehicle charging;State of charge;Cost function;Vehicle-to-grid","","22","","56","","28 Feb 2020","","","SGEPRI","SGEPRI Journals"
"Development of a Hardware-in-The-Loop Testbed for a Decentralized, Data-Driven Electric Vehicle Charging Control Algorithm","E. Ucer; M. J. Kisacikoglu","National Renewable Energy Laboratory, Golden, CO, USA; National Renewable Energy Laboratory, Golden, CO, USA",IEEE Transactions on Industry Applications,"18 Jul 2024","2024","60","4","6622","6633","This study presents the design of an electric vehicle (EV)-grid integration (EVGI) hardware test-bed to implement smart EV charging algorithms. The proposed test-bed also allows to create different grid events via flexible integration of other power hardware (e.g., controllable loads and battery energy storage systems) and test their impacts on EV charging. The design uses a real-time digital simulator to realize a complex distribution grid model with primary and secondary networks. A grid simulator physically realizes the selected nodes of the simulated grid to power an actual EV, forming a hardware-in-the-loop (HIL) test setup. The EV-grid integration is demonstrated based on the custom hardware and software implementation of the J1772 charging protocol using dSPACE MicroLabBox, operating as a custom EV Supply Equipment (EVSE). The HIL test-bed features a novel testing platform for accurate implementation and analysis of scalable charging algorithms. To this end, a data-driven, decentralized, model-free charging controller based on the Additive Increase and Multiplicative Decrease (AIMD) algorithm is presented and validated on an EV using the HIL test-bed. We tested the proposed algorithm under various case studies, and presented a comparison study with an existing droop-based, decentralized charging solution. The results showed that the EV successfully performed charging commands generated by the EVSE and regulated its charging power to effectively reduce the system loading caused by high EV penetration.","1939-9367","","10.1109/TIA.2024.3384480","National Science Foundation(grant numbers:1755996); University of Alabama; ","https://ieeexplore.ieee.org/stamp/stamp.jsp?arnumber=10490223","AIMD;EVs;HIL;decentralized control;data-driven control;grid integration;smart charging","Real-time systems;Transformers;Electric vehicle charging;Load modeling;Hardware;Voltage control;Monitoring","","2","","38","IEEE","3 Apr 2024","","","IEEE","IEEE Journals"
"An AI Driven, Reliability-Based Planning Framework for Electric Vehicles Integrated Distribution Network Considering Renewable Energy Support","E. Boima Fahnbulleh; S. Nandi; S. R. Ghatak; S. Sannigrahi; P. Acharjee","School of Electrical Engineering, KIIT Deemed to be University, Bhubaneswar, Odisha, India; School of Electrical Engineering, KIIT Deemed to be University, Bhubaneswar, Odisha, India; School of Electrical Engineering, KIIT Deemed to be University, Bhubaneswar, Odisha, India; Electrical Engineering Department, NIT Raipur, Raipur, Chhattisgarh, India; Electrical Engineering Department, NIT Durgapur, Durgapur, West Bengal, India",IEEE Access,"31 Oct 2025","2025","13","","184978","184998","The presence of Electric Vehicle Charging Infrastructure (EVCI) in the Distribution Network (DN) adversely impacts grid operations, affecting system voltage profile, power loss, and reliability, particularly under unplanned placement. To address this, a comprehensive planning framework is proposed considering EVCI, Photovoltaic (PV), and Battery Storage System (BSS), while minimizing techno-economic and reliability impacts using a novel Enhanced Harris Hawk Optimization (EHHO) technique that adheres to system constraints. The research employs a Deep Learning-based Gated Recurrent Unit algorithm to accurately forecast EV charging load and PV generation. The EVCIs are allocated in the DN using a novel Bus Reliability Index (BRI) and load density method. For more practicality, a time dependent failure rate is considered for feeder, PV and BSS to model the reliability. The proposed methodology is tested on the IEEE 15-bus DN and the 28-bus Indian rural DN. Comparative performance analysis demonstrates the superiority of the proposed approach. Results show that integrating PV and BSS with EVCI significantly improves the system reliability, voltage profile and reduces power loss. Specifically, in terms of reliability index Expected Energy Not Served (EENS), the presence of PV and BSS reduces EENS by 16% in the 15-bus DN and by 27% in the 28-bus DN compared to integration with only EVCI.","2169-3536","","10.1109/ACCESS.2025.3624041","","https://ieeexplore.ieee.org/stamp/stamp.jsp?arnumber=11214147","System average interruption frequency index;system average interruption duration index;average expected energy not served;expected energy not served;enhanced HHO;distribution network","Reliability;Electric vehicle charging;Costs;Forecasting;Uncertainty;Planning;Long short term memory;Load modeling;Voltage;Logic gates","","1","","50","CCBY","21 Oct 2025","","","IEEE","IEEE Journals"
"Combined Approach for Power Loss Minimization in Distribution Networks in the Presence of Gridable Electric Vehicles and Dispersed Generation","S. Velamuri; S. H. C. Cherukuri; S. K. Sudabattula; N. Prabaharan; E. Hossain","Symbiosis Institute of Technology, Symbiosis International (Deemed University), Pune, India; Discipline of Electrical Engineering, Indian Institute of Technology Gandhinagar, Gandhinagar, India; School of Electronics and Electrical Engineering, Lovely Professional University, Phagwara, India; School of Electrical and Electronics Engineering, SASTRA Deemed University, Thanjavur, India; Department of Electrical Engineering and Renewable Energy, Oregon Institute of Technology, Klamath Falls, OR, USA",IEEE Systems Journal,"13 Jun 2022","2022","16","2","3284","3295","Increased electric vehicles (EVs) penetration into the distribution network burdens the system during the charging process. But the same turns out to be advantageous if the EVs are used to support the utility based on the requirement. In this work, an attempt is made to efficiently schedule both the grid-to-vehicle and vehicle-to-grid operational modes of EVs with the objective of reducing power loss in the distribution system in presence of distributed generation (DG). The EVs are modeled by considering the dominating factors, such as EV State of Charge (SoC), trip conditions, EV battery capacity, charging/discharging levels. An improvement to the existing grasshopper optimization technique is also suggested in this article, which enhances the exploring capability of the metaheuristic algorithm. The presented methodology is a combination of smart charging method, voltage stability index, and enhanced grasshopper optimization algorithm (EGOA), which decides the size of DGs to be placed in the system. The proposed hybrid approach tries to schedule both the EVs and DGs so as to achieve reduced power loss and improved voltage profile. In order to test the robustness of the proposed strategy, various analyses considering uncertainty in EVs and load conditions are performed.","1937-9234","","10.1109/JSYST.2021.3123436","","https://ieeexplore.ieee.org/stamp/stamp.jsp?arnumber=9624174","Distributed generation (DG);enhanced grasshopper optimization algorithm (EGOA);electric vehicles (EVs);grid-to-vehicle (G2V);vehicle-to-grid (V2G)","Peak to average power ratio;Charging stations;Vehicle-to-grid;Minimization;Schedules;Resource management;Indexes","","31","","26","IEEE","22 Nov 2021","","","IEEE","IEEE Journals"
"Demand Response as a Service: Clearing Multiple Distribution-Level Markets","G. Tsaousoglou; P. Soumplis; N. Efthymiopoulos; K. Steriotis; A. Kretsis; P. Makris; P. Kokkinos; E. Varvarigos","Eindhoven University of Technology, Eindhoven, AZ, The Netherlands; National Technical University of Athens, Athens, Greece; National Technical University of Athens, Athens, Greece; National Technical University of Athens, Athens, Greece; National Technical University of Athens, Athens, Greece; National Technical University of Athens, Athens, Greece; Department of Digital Systems, University of the Peloponnese, Tripoli, Greece; National Technical University of Athens, Athens, Greece",IEEE Transactions on Cloud Computing,"8 Mar 2022","2022","10","1","82","96","The uncertain and non-dispatchable nature of renewable energy sources renders Demand Response (DR) a critical component of modern electricity distribution systems. Demand Response (DR) service provision takes place via aggregators and special distribution-level markets (e.g., flexibility markets), where small, distributed DR resources, such as building energy management systems, electric vehicle charging stations, micro-generation and storage, connected to the low-voltage distribution grid, offer DR services. In such systems, energy balancing (and thus, also DR decisions) have to be made close to real-time. Thus, market clearing algorithms for DR service provision must fulfill several requirements related to the efficiency of their operation. More specifically, a DR market clearing algorithm needs to be optimal in terms of cost-efficiency, scalable in terms of number of assets and locations, and able to satisfy real-time constraints. In order to cope with these challenges, this article presents a distributed DR market clearing algorithm based on Lagrangian decomposition, combined with an optimal cloud resource allocation algorithm for assigning the required computation power. A heuristic algorithm is also presented, able to achieve a near-optimal solution, within negligible computational time. Simulations, performed on a testbed, demonstrate the computational burden introduced by various DR models, as well as the heuristic algorithm's near-optimal performance. The resource allocation algorithm is able to service multiple DR requests (e.g., in multiple distribution networks), and minimize the cost of computational resources while respecting the execution time constraints of each request. This enables third parties to offer cost-efficient and competitive DR operation as a service.","2168-7161","","10.1109/TCC.2021.3117598","European Union's Horizon 2020(grant numbers:863876); Marie Skłodowska-Curie(grant numbers:754462); ","https://ieeexplore.ieee.org/stamp/stamp.jsp?arnumber=9557809","Smart grid;flexibility markets;demand response;cloud","Cloud computing;Costs;Computer architecture;Task analysis;Resource management;Computational modeling;Heuristic algorithms","","11","","36","IEEE","4 Oct 2021","","","IEEE","IEEE Journals"
"Optimal Location and Sizing of Electric Bus Battery Swapping Station in Microgrid Systems by Considering Revenue Maximization","M. C. Kocer; A. Onen; J. Jung; H. Gultekin; S. Albayrak","Department of Electrical Engineering and Computer Science, Technical University of Berlin, Berlin, Germany; Department of Electrical--Electronics Engineering, Abdullah G\""{u}l University, Kayseri, Turkey; Department of Energy Systems Research, Ajou University, Suwon, South Korea; Department of Mechanical and Industrial Engineering, College of Engineering, Sultan Qaboos University, Al-Khoud, Muscat, Oman; Department of Electrical Engineering and Computer Science, Technical University of Berlin, Berlin, Germany",IEEE Access,"1 May 2023","2023","11","","41084","41095","The radical increase in the popularity of electric vehicles (EVs) has in turn increased the number of associated problems. Long waiting times at charging stations are a major barrier to the widespread adoption of EVs. Therefore, battery swapping stations (BSSs) are an efficient solution that considers short waiting times and healthy recharging cycles for battery systems. Moreover, swapping stations have emerged as a great opportunity not only for EVs, but also for power systems, with regulation services that can be provided to the grid particularly for small networks, such as microgrid (MG) systems. In this study, the optimum location and size that maximize the revenue of a swap station in an MG system are investigated. To the best of our knowledge, this study is first to solve the placing and sizing problem in the MG from the perspective of a BSS. The results indicate that bus 23 is the BSS’s optimal location and is crucial for maximizing revenue and addressing issues like the provision of ancillary services in microgrid system. Finally, the swap demand profile of the station serving electric bus public transportation system was obtained using an analytical model based on public transportation data collected in Berlin, Germany.","2169-3536","","10.1109/ACCESS.2023.3267801","Energy AI Convergence Research & Development Program through the National IT Industry Promotion Agency of Korea (NIPA) funded by the Ministry of Science and ICT(grant numbers:S1601-20-1005); ","https://ieeexplore.ieee.org/stamp/stamp.jsp?arnumber=10103614","Ancillary services;battery swapping station;electric bus;electric vehicle;microgrid;optimal location","Batteries;Optimization;Microgrids;Charging stations;Costs;Regulation;Vehicle-to-grid","","23","","41","CCBYNCND","17 Apr 2023","","","IEEE","IEEE Journals"
"Hierarchical Distributed Framework for Optimal Dynamic Load Management of Electric Vehicles With Vehicle-to-Grid Technology","M. Ahmed; Y. Abouelseoud; N. H. Abbasy; S. H. Kamel","Department of Engineering Mathematics and Physics, Alexandria University, Alexandria, Egypt; Department of Engineering Mathematics and Physics, Alexandria University, Alexandria, Egypt; Department of Electrical Engineering, Alexandria University, Alexandria, Egypt; Department of Engineering Mathematics and Physics, Alexandria University, Alexandria, Egypt",IEEE Access,"20 Dec 2021","2021","9","","164643","164658","The tendency towards carbon dioxide reduction greatly stimulates the popularity of electric vehicles against conventional vehicles. However, electric vehicle chargers represent a huge electric burden, which affects the performance and stability of the grid. Various optimization methodologies have been proposed in literature to enhance the performance of the distribution grids. However, existing techniques handle the raised issues from individual perspectives and/or with limited scopes. Therefore, this paper aims to develop a distributed controller-based coordination scheme in both medium and low voltage networks to handle the electric vehicles’ charging impact on the power grid. The scope of this work covers improving the network voltage profile, reducing the total active and reactive power, reducing the load fluctuations and total charging cost, while taking into consideration the random arrivals/departures of electric vehicles and the vehicle owners’ preferred charging time zones with vehicle-to-grid technology. Simulations are carried out to prove the success of the proposed method in improving the performance of IEEE 31-bus 23 kV system with several 415 V residential feeders. Additionally, the proposed method is validated using Controller Hardware-in-the-Loop. The results show that the proposed method can significantly reduce the issues that appear in the electric power grid during charging with minor changes in the existing grid. The results prove the successful implementation of different types of charging, namely, ultra-fast, fast, moderate, normal and vehicle-to-grid charging with minimum charging cost to enhance the owner’s satisfaction level.","2169-3536","","10.1109/ACCESS.2021.3134868","","https://ieeexplore.ieee.org/stamp/stamp.jsp?arnumber=9646927","EV charging;quadratic programming;pattern search;energy management;V2G;V2V","Costs;Charging stations;Vehicle-to-grid;Optimization;Electric vehicle charging;Voltage control;Fluctuations","","15","","37","CCBY","10 Dec 2021","","","IEEE","IEEE Journals"
"Joint PEV Charging Network and Distributed PV Generation Planning Based on Accelerated Generalized Benders Decomposition","H. Zhang; S. J. Moura; Z. Hu; W. Qi; Y. Song","Department of Civil and Environmental Engineering, University of California at Berkeley, Berkeley, CA, USA; Department of Civil and Environmental Engineering, University of California at Berkeley, Berkeley, CA, USA; Department of Electrical Engineering, Tsinghua University, Beijing, China; Desautels Faculty of Management, McGill University, Montreal, QC, Canada; Department of Electrical and Computer Engineering, University of Macau, Macau, China",IEEE Transactions on Transportation Electrification,"19 Sep 2018","2018","4","3","789","803","Integration of plug-in electric vehicles (PEVs) with distributed renewable power sources will reduce PEVs' well-to-wheels greenhouse gas emissions, promote renewable power adoption, and defer power system investments. This paper proposes a multidisciplinary approach to jointly plan PEV charging stations and distributed photovoltaic (PV) power plants on a coupled transportation and power network. We formulate a two-stage stochastic programming model to determine the sites and sizes of: 1) PEV charging stations and 2) PV power plants. This proposed method incorporates comprehensive models of: 1) transportation networks with explicit PEV driving range constraints; 2) PEV charging stations with probabilistic quality of service constraints; 3) PV power generation with reactive power control; and 4) alternating current distribution power flow. The formulation results in a mixed-integer second-order cone program. We then design a generalized Benders decomposition algorithm to efficiently solve it. Numerical experiments show that investing in distributed PV power plants with PEV charging stations has multiple benefits, e.g., reducing social costs, promoting renewable power integration, and alleviating power congestion. The benefits become more prominent when utilizing PV generation with reactive power control, which can also help to enhance power supply quality.","2332-7782","","10.1109/TTE.2018.2847244","National Natural Science Foundation of China(grant numbers:51477082,U1766205); State Grid Corporation of China(grant numbers:52110417001G); ","https://ieeexplore.ieee.org/stamp/stamp.jsp?arnumber=8384307","Benders decomposition;charging station;electric vehicle;photovoltaic (PV) generation;second-order cone programming (SOCP)","Charging stations;Transportation;Power generation;Planning;Investment;Reactive power control","","86","","45","IEEE","13 Jun 2018","","","IEEE","IEEE Journals"
"Effects of PEV Traffic Flows on the Operation of Parking Lots and Charging Stations","N. Neyestani; M. Y. Damavandi; G. Chicco; J. P. S. Catalão","INESC TEC, Porto, Portugal; C-MAST, University of Beira Interior, Covilhã, Portugal; Dipartimento Energia “Galileo Ferraris”, Politecnico di Torino, Torino, Italy; INESC-ID, Instituto Superior Técnico, University of Lisbon, Lisbon, Portugal",IEEE Transactions on Smart Grid,"16 Feb 2018","2018","9","2","1521","1530","The introduction of plug-in electric vehicles (PEVs) in the electrical system is bringing various challenges. The main issue is incorporating the PEV owner’s preferences in the models. One of the main attributes representing the preference of the owners is their travel purposes, impacting on the traffic flow pattern. The PEVs’ traffic pattern defines the required charging schedule of the PEVs, and consequently, characterizes the operation of the charging facilities such as PEV parking lots (PLs). The deployment of resources such as PEV PL requires a detailed modeling of the factors affecting their operation. In this regard, this paper aims to model the power flow of the PEVs based on their traffic flow. Different travel types and purposes are considered for the PEVs traffic modeling. Two types of charging infrastructure (i.e., PLs and individual charging stations) are considered. The study is performed on a distribution network categorized based on the consumption patterns of the zones.","1949-3061","","10.1109/TSG.2017.2728368","FEDER funds through COMPETE 2020; Portuguese funds through FCT(grant numbers:SAICT-PAC/0004/2015—POCI-01-0145-FEDER-016434,POCI-01-0145-FEDER-006961,UID/EEA/50014/2013,UID/CEC/50021/2013,UID/EMS/00151/2013); EU Seventh Framework Programme FP7/2007-2013(grant numbers:309048); ","https://ieeexplore.ieee.org/stamp/stamp.jsp?arnumber=7983429","Charging station (CS);parking lot (PL);plug-in electric vehicle (PEV);traffic pattern;driving behavior","State of charge;Traffic control;Mathematical model;Electric vehicles;Batteries;Planning","","25","","22","IEEE","18 Jul 2017","","","IEEE","IEEE Journals"
"Efficiency Optimization via Mission Profile-Based Power Routing by Design of Hybrid Grid Connecting Converter Architecture","J. Schaumburg; J. Kuprat; M. Langwasser; M. Liserre","Chair of Power Electronics, Kiel University, Kiel, Germany; Chair of Power Electronics, Kiel University, Kiel, Germany; Chair of Power Electronics, Kiel University, Kiel, Germany; Chair of Power Electronics, Kiel University, Kiel, Germany",IEEE Open Journal of Power Electronics,"17 Feb 2023","2023","4","","128","136","Hybrid grids with low voltage direct current (LVdc) distribution are an attractive opportunity for the integration of electric vehicle charging stations and photovoltaic power plants. With dc connectivity reduced power losses are possible, however, multiple conversion stages can impair an efficient operation. A solution can be the use of an “interconnected” architecture that allows the integration of multiple insulated dc and ac grids. The reconfiguration of this modular topology allows optimization for different design objectives. This work investigates the system efficiency-optimized reconfiguration. Two approaches for deriving the reconfiguration of the hybrid grid connecting converter architecture based on mission profiles are proposed. A validation of the analysis via laboratory results is given.","2644-1314","","10.1109/OJPEL.2023.3241778","German Federal Ministry of Education and Research; Kopernikus Project ENSURE(grant numbers:03SFK1I0-2); ","https://ieeexplore.ieee.org/stamp/stamp.jsp?arnumber=10035299","DC microgrid;efficiency optimization;hybrid grids;power routing","Topology;Power electronics;Optimization;Hybrid power systems;Routing;Load flow;Computer architecture","","8","","23","CCBY","2 Feb 2023","","","IEEE","IEEE Journals"
"Power Loss Minimization in Smart Transformer Enabled Low Voltage Islanded Meshed Hybrid Microgrid","D. Das; R. Manojkumar; C. Kumar; S. Ganguly","Department of Electronics and Electrical Engineering, Indian Institute of Technology Guwahati, Guwahati, India; Department of Electrical and Electronics Engineering, BVRIT Hyderabad College of Engineering for Women, Hyderabad, Telangana, India; Department of Electronics and Electrical Engineering, Indian Institute of Technology Guwahati, Guwahati, India; Department of Electronics and Electrical Engineering, Indian Institute of Technology Guwahati, Guwahati, India",IEEE Access,"1 Dec 2022","2022","10","","123259","123270","The smart transformer (ST) offers several features in a hybrid microgrid due to the presence of both ac and dc links while providing various power flow paths. For ST based meshed microgrid, continuous operation is highly important and one of the effective ways to achieve it is by minimizing line losses. This paper proposes a power loss minimization strategy which is specific for an ST based islanded meshed hybrid microgrid. In such an islanded system, a battery energy storage system (BESS) is used for maintaining the low voltage (LV) dc bus voltage of ST. The hybrid microgrid consists of renewable energy sources, electric vehicles (EV) charging stations, storage, etc. The minimization of total distribution line power loss is chosen as an objective function for optimization problem. The active power references of distributed generation converters and charge or discharge schedules of EVs are optimally controlled using genetic algorithm while satisfying the various constraints of the system. Further, a smart LV load shedding is also incorporated to the power management. This is activated on crossing the lower critical state of charge of the BESS. It is used as a final measure to increase BESS discharge time resulting in prolonged operation of the islanded system. Simulation and experimental results verify the performance of the proposed scheme. For the various cases considered, the proposed system is compared with conventional power management strategies. It was observed that while in a particular case, the conventional method incurred 1.337 kW losses, the proposed method was able to reduce the line losses to 1.0487 kW. This shows a 22% reduction in line losses with proposed method as compared to conventional method.","2169-3536","","10.1109/ACCESS.2022.3224001","Science and Engineering Research Board (SERB), Department of Science and Technology, India(grant numbers:ECR/2017/001564); Central Power Research Institute (CPRI), India Research Project Entitled Design, Operation, and Control of Distributed Generation (DG) Integrated Unified Power Quality Conditioner (UPQC) in Electric Grid; ","https://ieeexplore.ieee.org/stamp/stamp.jsp?arnumber=9957067","Battery energy storage system (BESS);electric vehicle;islanding;meshed grid;smart transformer (ST)","Microgrids;Hybrid power systems;Minimization;Transformers;Power system management;State of charge;Voltage control","","12","","37","CCBY","21 Nov 2022","","","IEEE","IEEE Journals"
